Conformation, LigandName, Frame, AD_BindingEnergy,VN_BindingEnergy, Average_Energy
out-namd-complex-ad50,ad50,frame113,0.17,0.0,0.085
out-namd-complex-ad50,ad50,frame135,0.04,-0.20941,-0.085
out-namd-complex-ad50,ad50,frame172,0.22,-0.0294,0.095
out-namd-complex-ad50,ad50,frame173,0.23,-0.02676,0.102
out-namd-complex-ad50,ad50,frame108,0.17,0.0,0.085
out-namd-complex-ad50,ad50,frame70,0.36,-0.03345,0.163
out-namd-complex-ad50,ad50,frame149,0.19,-0.00307,0.093
out-namd-complex-ad50,ad50,frame185,0.22,-0.01992,0.1
out-namd-complex-ad50,ad50,frame61,0.18,-0.10572,0.037
out-namd-complex-ad50,ad50,frame18,-5.22,-3.86834,-4.544
out-namd-complex-ad50,ad50,frame184,0.13,0.0,0.065
out-namd-complex-ad50,ad50,frame46,-1.8,-1.83651,-1.818
out-namd-complex-ad50,ad50,frame51,-0.35,-0.76525,-0.558
out-namd-complex-ad50,ad50,frame147,0.18,-0.01488,0.083
out-namd-complex-ad50,ad50,frame144,0.17,0.0,0.085
out-namd-complex-ad50,ad50,frame93,0.29,-0.01324,0.138
out-namd-complex-ad50,ad50,frame82,0.22,-0.04066,0.09
out-namd-complex-ad50,ad50,frame94,0.19,0.0,0.095
out-namd-complex-ad50,ad50,frame146,0.19,0.0,0.095
out-namd-complex-ad50,ad50,frame76,0.22,0.0,0.11
out-namd-complex-ad50,ad50,frame197,0.23,-0.01733,0.106
out-namd-complex-ad50,ad50,frame31,-4.59,-4.31119,-4.451
out-namd-complex-ad50,ad50,frame157,0.24,0.0,0.12
out-namd-complex-ad50,ad50,frame92,0.38,0.0,0.19
out-namd-complex-ad50,ad50,frame186,0.18,-0.03533,0.072
out-namd-complex-ad50,ad50,frame75,0.27,-0.06076,0.105
out-namd-complex-ad50,ad50,frame77,0.17,0.0,0.085
out-namd-complex-ad50,ad50,frame103,0.19,-0.04631,0.072
out-namd-complex-ad50,ad50,frame125,0.14,0.0,0.07
out-namd-complex-ad50,ad50,frame136,0.21,-0.03145,0.089
out-namd-complex-ad50,ad50,frame140,0.2,-0.03545,0.082
out-namd-complex-ad50,ad50,frame80,0.18,0.0,0.09
out-namd-complex-ad50,ad50,frame02,-4.77,-4.3806,-4.575
out-namd-complex-ad50,ad50,frame29,-4.42,-3.92341,-4.172
out-namd-complex-ad50,ad50,frame56,0.2,-0.15333,0.023
out-namd-complex-ad50,ad50,frame95,0.19,0.0,0.095
out-namd-complex-ad50,ad50,frame196,0.2,-0.05774,0.071
out-namd-complex-ad50,ad50,frame155,0.15,-0.00753,0.071
out-namd-complex-ad50,ad50,frame26,-4.57,-3.07235,-3.821
out-namd-complex-ad50,ad50,frame195,0.15,-0.02519,0.062
out-namd-complex-ad50,ad50,frame09,-4.25,-3.58159,-3.916
out-namd-complex-ad50,ad50,frame148,0.19,0.0,0.095
out-namd-complex-ad50,ad50,frame199,0.18,-0.04014,0.07
out-namd-complex-ad50,ad50,frame81,0.09,-0.20686,-0.058
out-namd-complex-ad50,ad50,frame121,0.19,0.0,0.095
out-namd-complex-ad50,ad50,frame17,-5.63,-2.86575,-4.248
out-namd-complex-ad50,ad50,frame104,0.18,-0.04407,0.068
out-namd-complex-ad50,ad50,frame24,-4.48,-3.02032,-3.75
out-namd-complex-ad50,ad50,frame08,-5.25,-4.04456,-4.647
out-namd-complex-ad50,ad50,frame58,-0.33,-0.5398,-0.435
out-namd-complex-ad50,ad50,frame128,0.22,-0.07065,0.075
out-namd-complex-ad50,ad50,frame198,0.11,0.0,0.055
out-namd-complex-ad50,ad50,frame134,0.15,-0.03626,0.057
out-namd-complex-ad50,ad50,frame06,-4.69,-3.36397,-4.027
out-namd-complex-ad50,ad50,frame52,-0.07,-0.35394,-0.212
out-namd-complex-ad50,ad50,frame109,0.13,0.0,0.065
out-namd-complex-ad50,ad50,frame168,0.21,-0.00805,0.101
out-namd-complex-ad50,ad50,frame05,-3.69,-3.81347,-3.752
out-namd-complex-ad50,ad50,frame97,0.18,0.0,0.09
out-namd-complex-ad50,ad50,frame53,0.04,-0.47199,-0.216
out-namd-complex-ad50,ad50,frame181,0.24,-0.01875,0.111
out-namd-complex-ad50,ad50,frame59,0.04,-0.38798,-0.174
out-namd-complex-ad50,ad50,frame176,0.19,0.0,0.095
out-namd-complex-ad50,ad50,frame37,-4.19,-3.29684,-3.743
out-namd-complex-ad50,ad50,frame151,0.2,-0.00342,0.098
out-namd-complex-ad50,ad50,frame42,-3.78,-2.78618,-3.283
out-namd-complex-ad50,ad50,frame86,0.19,-0.02665,0.082
out-namd-complex-ad50,ad50,frame38,-4.49,-3.77643,-4.133
out-namd-complex-ad50,ad50,frame57,0.57,-0.35952,0.105
out-namd-complex-ad50,ad50,frame105,0.23,-0.05131,0.089
out-namd-complex-ad50,ad50,frame130,0.22,-0.04474,0.088
out-namd-complex-ad50,ad50,frame54,0.05,-0.31287,-0.131
out-namd-complex-ad50,ad50,frame10,-4.8,-3.69619,-4.248
out-namd-complex-ad50,ad50,frame171,0.21,-0.01331,0.098
out-namd-complex-ad50,ad50,frame88,0.17,0.0,0.085
out-namd-complex-ad50,ad50,frame99,0.19,-0.03321,0.078
out-namd-complex-ad50,ad50,frame141,0.24,-0.02866,0.106
out-namd-complex-ad50,ad50,frame90,0.2,-0.01778,0.091
out-namd-complex-ad50,ad50,frame41,-3.54,-3.53289,-3.536
out-namd-complex-ad50,ad50,frame15,-4.86,-2.8471,-3.854
out-namd-complex-ad50,ad50,frame69,0.18,0.0,0.09
out-namd-complex-ad50,ad50,frame84,0.16,-0.01094,0.075
out-namd-complex-ad50,ad50,frame180,0.18,-0.01057,0.085
out-namd-complex-ad50,ad50,frame65,0.88,-0.07578,0.402
out-namd-complex-ad50,ad50,frame170,0.22,-0.02117,0.099
out-namd-complex-ad50,ad50,frame189,0.19,0.0,0.095
out-namd-complex-ad50,ad50,frame101,0.21,-0.05379,0.078
out-namd-complex-ad50,ad50,frame11,-5.81,-3.68957,-4.75
out-namd-complex-ad50,ad50,frame137,0.19,-0.02691,0.082
out-namd-complex-ad50,ad50,frame43,-3.23,-3.29243,-3.261
out-namd-complex-ad50,ad50,frame127,0.21,-0.01042,0.1
out-namd-complex-ad50,ad50,frame122,0.11,0.0,0.055
out-namd-complex-ad50,ad50,frame40,-3.73,-2.89886,-3.314
out-namd-complex-ad50,ad50,frame49,-0.7,-1.34218,-1.021
out-namd-complex-ad50,ad50,frame33,-3.87,-3.16864,-3.519
out-namd-complex-ad50,ad50,frame25,-4.35,-2.87619,-3.613
out-namd-complex-ad50,ad50,frame60,0.02,-0.61604,-0.298
out-namd-complex-ad50,ad50,frame39,-3.99,-2.59271,-3.291
out-namd-complex-ad50,ad50,frame152,0.2,-0.01543,0.092
out-namd-complex-ad50,ad50,frame145,0.17,0.0,0.085
out-namd-complex-ad50,ad50,frame44,-3.23,-2.59502,-2.913
out-namd-complex-ad50,ad50,frame35,-4.32,-3.04992,-3.685
out-namd-complex-ad50,ad50,frame63,0.2,-0.03463,0.083
out-namd-complex-ad50,ad50,frame142,0.24,-0.01405,0.113
out-namd-complex-ad50,ad50,frame164,0.21,0.0,0.105
out-namd-complex-ad50,ad50,frame89,0.16,0.0,0.08
out-namd-complex-ad50,ad50,frame07,-5.2,-4.43728,-4.819
out-namd-complex-ad50,ad50,frame00,-5.56,-3.95335,-4.757
out-namd-complex-ad50,ad50,frame67,0.16,0.0,0.08
out-namd-complex-ad50,ad50,frame107,0.15,0.0,0.075
out-namd-complex-ad50,ad50,frame183,0.18,0.0,0.09
out-namd-complex-ad50,ad50,frame100,0.19,-0.04091,0.075
out-namd-complex-ad50,ad50,frame159,0.22,-0.00573,0.107
out-namd-complex-ad50,ad50,frame182,0.24,-0.02561,0.107
out-namd-complex-ad50,ad50,frame22,-5.26,-4.00964,-4.635
out-namd-complex-ad50,ad50,frame162,0.19,-0.01853,0.086
out-namd-complex-ad50,ad50,frame131,0.22,0.0,0.11
out-namd-complex-ad50,ad50,frame30,-4.87,-2.98155,-3.926
out-namd-complex-ad50,ad50,frame154,0.21,-0.0036,0.103
out-namd-complex-ad50,ad50,frame174,0.22,-0.03345,0.093
out-namd-complex-ad50,ad50,frame119,0.33,0.0,0.165
out-namd-complex-ad50,ad50,frame36,-3.98,-3.05804,-3.519
out-namd-complex-ad50,ad50,frame110,0.26,0.0,0.13
out-namd-complex-ad50,ad50,frame91,0.2,0.0,0.1
out-namd-complex-ad50,ad50,frame62,0.2,-0.13375,0.033
out-namd-complex-ad50,ad50,frame21,-4.86,-4.21309,-4.537
out-namd-complex-ad50,ad50,frame01,-5.1,-3.23118,-4.166
out-namd-complex-ad50,ad50,frame50,-0.26,-0.6666,-0.463
out-namd-complex-ad50,ad50,frame34,-3.93,-3.70445,-3.817
out-namd-complex-ad50,ad50,frame04,-4.27,-3.83988,-4.055
out-namd-complex-ad50,ad50,frame112,0.13,0.0,0.065
out-namd-complex-ad50,ad50,frame111,0.18,0.0,0.09
out-namd-complex-ad50,ad50,frame115,0.18,0.0,0.09
out-namd-complex-ad50,ad50,frame68,0.17,0.0,0.085
out-namd-complex-ad50,ad50,frame190,0.22,0.0,0.11
out-namd-complex-ad50,ad50,frame156,0.21,0.0,0.105
out-namd-complex-ad50,ad50,frame23,-5.51,-3.09449,-4.302
out-namd-complex-ad50,ad50,frame32,-3.32,-2.76392,-3.042
out-namd-complex-ad50,ad50,frame78,0.23,0.0,0.115
out-namd-complex-ad50,ad50,frame169,0.13,-0.03966,0.045
out-namd-complex-ad50,ad50,frame96,0.25,0.0,0.125
out-namd-complex-ad50,ad50,frame139,0.22,-0.02659,0.097
out-namd-complex-ad50,ad50,frame143,0.18,-0.00344,0.088
out-namd-complex-ad50,ad50,frame187,0.22,-0.0217,0.099
out-namd-complex-ad50,ad50,frame165,0.26,0.0,0.13
out-namd-complex-ad50,ad50,frame55,0.15,-0.28028,-0.065
out-namd-complex-ad50,ad50,frame73,0.24,-0.06109,0.089
out-namd-complex-ad50,ad50,frame20,-5.24,-3.72771,-4.484
out-namd-complex-ad50,ad50,frame83,0.25,0.0,0.125
out-namd-complex-ad50,ad50,frame191,0.17,-0.00639,0.082
out-namd-complex-ad50,ad50,frame13,-4.79,-3.36037,-4.075
out-namd-complex-ad50,ad50,frame79,0.25,-0.01709,0.116
out-namd-complex-ad50,ad50,frame114,0.17,0.0,0.085
out-namd-complex-ad50,ad50,frame47,-1.21,-2.11373,-1.662
out-namd-complex-ad50,ad50,frame28,-4.12,-3.38564,-3.753
out-namd-complex-ad50,ad50,frame66,0.27,-0.0024,0.134
out-namd-complex-ad50,ad50,frame27,-3.94,-3.73693,-3.838
out-namd-complex-ad50,ad50,frame132,0.15,-0.04701,0.051
out-namd-complex-ad50,ad50,frame98,0.16,0.0,0.08
out-namd-complex-ad50,ad50,frame129,0.16,-0.07749,0.041
out-namd-complex-ad50,ad50,frame106,0.18,0.0,0.09
out-namd-complex-ad50,ad50,frame48,-1.75,-1.95457,-1.852
out-namd-complex-ad50,ad50,frame194,0.2,-0.02176,0.089
out-namd-complex-ad50,ad50,frame158,0.22,0.0,0.11
out-namd-complex-ad50,ad50,frame188,0.16,0.0,0.08
out-namd-complex-ad50,ad50,frame45,-1.27,-1.90091,-1.585
out-namd-complex-ad50,ad50,frame12,-5.12,-3.37625,-4.248
out-namd-complex-ad50,ad50,frame163,0.21,0.0,0.105
out-namd-complex-ad50,ad50,frame116,0.31,0.0,0.155
out-namd-complex-ad50,ad50,frame160,0.24,0.0,0.12
out-namd-complex-ad50,ad50,frame124,0.16,0.0,0.08
out-namd-complex-ad50,ad50,frame153,0.31,-0.02124,0.144
out-namd-complex-ad50,ad50,frame118,0.19,0.0,0.095
out-namd-complex-ad50,ad50,frame193,0.16,-0.00323,0.078
out-namd-complex-ad50,ad50,frame123,0.15,0.0,0.075
out-namd-complex-ad50,ad50,frame178,0.15,-0.01789,0.066
out-namd-complex-ad50,ad50,frame177,0.17,-0.01421,0.078
out-namd-complex-ad50,ad50,frame117,0.24,0.0,0.12
out-namd-complex-ad50,ad50,frame161,0.16,-0.01416,0.073
out-namd-complex-ad50,ad50,frame71,0.26,-0.00643,0.127
out-namd-complex-ad50,ad50,frame150,0.18,-0.03352,0.073
out-namd-complex-ad50,ad50,frame74,0.2,-0.00413,0.098
out-namd-complex-ad50,ad50,frame14,-4.23,-3.00884,-3.619
out-namd-complex-ad50,ad50,frame192,0.2,-0.00335,0.098
out-namd-complex-ad50,ad50,frame64,0.14,-0.04624,0.047
out-namd-complex-ad50,ad50,frame167,0.22,0.0,0.11
out-namd-complex-ad50,ad50,frame166,0.12,0.0,0.06
out-namd-complex-ad50,ad50,frame03,-5.1,-4.10729,-4.604
out-namd-complex-ad50,ad50,frame72,0.2,-0.03975,0.08
out-namd-complex-ad50,ad50,frame175,0.18,-0.00303,0.088
out-namd-complex-ad50,ad50,frame16,-4.21,-3.34754,-3.779
out-namd-complex-ad50,ad50,frame179,0.25,-0.00332,0.123
out-namd-complex-ad50,ad50,frame19,-5.32,-4.36433,-4.842
out-namd-complex-ad50,ad50,frame102,0.18,-0.0308,0.075
out-namd-complex-ad50,ad50,frame85,0.23,-0.11859,0.056
out-namd-complex-ad50,ad50,frame126,0.25,-0.01283,0.119
out-namd-complex-ad50,ad50,frame87,0.22,-0.00372,0.108
out-namd-complex-ad50,ad50,frame138,0.13,-0.02245,0.054
out-namd-complex-ad50,ad50,frame120,0.18,0.0,0.09
out-namd-complex-ad50,ad50,frame133,0.21,-0.04846,0.081
out-namd-complex01-av01,av01,frame113,-3.25,-3.3043,-3.277
out-namd-complex01-av01,av01,frame135,-0.96,-1.99227,-1.476
out-namd-complex01-av01,av01,frame172,-1.89,-2.30612,-2.098
out-namd-complex01-av01,av01,frame173,-0.8,-1.8048,-1.302
out-namd-complex01-av01,av01,frame108,-1.16,-2.37275,-1.766
out-namd-complex01-av01,av01,frame70,-2.1,-3.09541,-2.598
out-namd-complex01-av01,av01,frame149,-1.47,-1.84173,-1.656
out-namd-complex01-av01,av01,frame185,-3.34,-2.03887,-2.689
out-namd-complex01-av01,av01,frame61,-1.7,-2.51048,-2.105
out-namd-complex01-av01,av01,frame18,-4.37,-4.50467,-4.437
out-namd-complex01-av01,av01,frame184,-4.16,-3.86691,-4.013
out-namd-complex01-av01,av01,frame46,-4.13,-4.03771,-4.084
out-namd-complex01-av01,av01,frame51,-2.96,-4.00519,-3.483
out-namd-complex01-av01,av01,frame147,-1.52,-1.64674,-1.583
out-namd-complex01-av01,av01,frame144,-0.51,-0.9231,-0.717
out-namd-complex01-av01,av01,frame93,-3.71,-4.11516,-3.913
out-namd-complex01-av01,av01,frame82,-2.81,-3.99999,-3.405
out-namd-complex01-av01,av01,frame94,-4.11,-4.12334,-4.117
out-namd-complex01-av01,av01,frame146,-1.65,-2.31143,-1.981
out-namd-complex01-av01,av01,frame76,-2.45,-3.87218,-3.161
out-namd-complex01-av01,av01,frame197,-2.36,-2.30841,-2.334
out-namd-complex01-av01,av01,frame31,-4.86,-4.8023,-4.831
out-namd-complex01-av01,av01,frame157,-0.61,-1.33235,-0.971
out-namd-complex01-av01,av01,frame92,-1.01,-1.19889,-1.104
out-namd-complex01-av01,av01,frame186,-3.48,-3.18584,-3.333
out-namd-complex01-av01,av01,frame75,-3.69,-4.41294,-4.051
out-namd-complex01-av01,av01,frame77,0.31,-2.20262,-0.946
out-namd-complex01-av01,av01,frame103,-3.27,-3.43683,-3.353
out-namd-complex01-av01,av01,frame125,-2.0,-3.0965,-2.548
out-namd-complex01-av01,av01,frame136,-1.59,-1.76629,-1.678
out-namd-complex01-av01,av01,frame140,-0.71,-0.96913,-0.84
out-namd-complex01-av01,av01,frame80,-1.7,-2.89378,-2.297
out-namd-complex01-av01,av01,frame02,-5.02,-6.30251,-5.661
out-namd-complex01-av01,av01,frame29,-4.14,-4.3226,-4.231
out-namd-complex01-av01,av01,frame56,-4.47,-4.38113,-4.426
out-namd-complex01-av01,av01,frame95,-2.46,-3.4521,-2.956
out-namd-complex01-av01,av01,frame196,-1.93,-3.00673,-2.468
out-namd-complex01-av01,av01,frame155,-0.31,-1.26606,-0.788
out-namd-complex01-av01,av01,frame26,-4.34,-4.66595,-4.503
out-namd-complex01-av01,av01,frame195,-2.89,-2.54088,-2.715
out-namd-complex01-av01,av01,frame09,-6.49,-6.01587,-6.253
out-namd-complex01-av01,av01,frame148,-2.43,-2.74459,-2.587
out-namd-complex01-av01,av01,frame199,-2.12,-2.13742,-2.129
out-namd-complex01-av01,av01,frame81,-1.4,-2.22399,-1.812
out-namd-complex01-av01,av01,frame121,-1.14,-2.27167,-1.706
out-namd-complex01-av01,av01,frame17,-3.96,-5.83804,-4.899
out-namd-complex01-av01,av01,frame104,-3.27,-2.4135,-2.842
out-namd-complex01-av01,av01,frame24,-3.33,-4.00064,-3.665
out-namd-complex01-av01,av01,frame08,-5.07,-5.40014,-5.235
out-namd-complex01-av01,av01,frame58,-4.24,-4.44692,-4.343
out-namd-complex01-av01,av01,frame128,-1.53,-2.91712,-2.224
out-namd-complex01-av01,av01,frame198,-2.35,-2.90304,-2.627
out-namd-complex01-av01,av01,frame134,-1.2,-2.30355,-1.752
out-namd-complex01-av01,av01,frame06,-3.64,-5.50706,-4.574
out-namd-complex01-av01,av01,frame52,-3.2,-3.59274,-3.396
out-namd-complex01-av01,av01,frame109,-3.6,-3.80544,-3.703
out-namd-complex01-av01,av01,frame168,-1.08,-1.80233,-1.441
out-namd-complex01-av01,av01,frame05,-4.15,-5.11818,-4.634
out-namd-complex01-av01,av01,frame97,-3.97,-4.38647,-4.178
out-namd-complex01-av01,av01,frame53,-3.87,-4.19378,-4.032
out-namd-complex01-av01,av01,frame181,-3.43,-3.23837,-3.334
out-namd-complex01-av01,av01,frame59,-5.22,-4.25528,-4.738
out-namd-complex01-av01,av01,frame176,-2.78,-3.08815,-2.934
out-namd-complex01-av01,av01,frame37,-3.87,-5.55466,-4.712
out-namd-complex01-av01,av01,frame151,-0.79,-1.23011,-1.01
out-namd-complex01-av01,av01,frame42,-4.28,-4.17972,-4.23
out-namd-complex01-av01,av01,frame86,-1.6,-2.21593,-1.908
out-namd-complex01-av01,av01,frame38,-4.54,-4.60233,-4.571
out-namd-complex01-av01,av01,frame57,-4.8,-4.18781,-4.494
out-namd-complex01-av01,av01,frame105,-3.1,-3.28742,-3.194
out-namd-complex01-av01,av01,frame130,-1.62,-2.48657,-2.053
out-namd-complex01-av01,av01,frame54,-4.53,-4.45363,-4.492
out-namd-complex01-av01,av01,frame10,-6.13,-6.3844,-6.257
out-namd-complex01-av01,av01,frame171,-1.51,-1.65219,-1.581
out-namd-complex01-av01,av01,frame88,1.81,-1.59638,0.107
out-namd-complex01-av01,av01,frame99,-3.8,-4.36725,-4.084
out-namd-complex01-av01,av01,frame141,-1.04,-1.12974,-1.085
out-namd-complex01-av01,av01,frame90,-1.32,-1.97507,-1.648
out-namd-complex01-av01,av01,frame41,-3.52,-4.84579,-4.183
out-namd-complex01-av01,av01,frame15,-5.93,-6.24716,-6.089
out-namd-complex01-av01,av01,frame69,-2.52,-3.26435,-2.892
out-namd-complex01-av01,av01,frame84,-1.94,-2.75651,-2.348
out-namd-complex01-av01,av01,frame180,-3.63,-3.72489,-3.677
out-namd-complex01-av01,av01,frame65,-3.92,-3.7281,-3.824
out-namd-complex01-av01,av01,frame170,-2.86,-2.4471,-2.654
out-namd-complex01-av01,av01,frame189,-3.02,-3.34178,-3.181
out-namd-complex01-av01,av01,frame101,-3.34,-3.70715,-3.524
out-namd-complex01-av01,av01,frame11,-5.78,-5.06477,-5.422
out-namd-complex01-av01,av01,frame137,-0.67,-1.4652,-1.068
out-namd-complex01-av01,av01,frame43,-3.72,-4.70339,-4.212
out-namd-complex01-av01,av01,frame127,-1.66,-2.84405,-2.252
out-namd-complex01-av01,av01,frame122,-1.69,-2.56708,-2.129
out-namd-complex01-av01,av01,frame40,-3.93,-4.49285,-4.211
out-namd-complex01-av01,av01,frame49,-4.44,-4.35473,-4.397
out-namd-complex01-av01,av01,frame33,-4.72,-3.62113,-4.171
out-namd-complex01-av01,av01,frame25,-3.86,-4.31192,-4.086
out-namd-complex01-av01,av01,frame60,-1.96,-2.98306,-2.472
out-namd-complex01-av01,av01,frame39,-3.48,-4.4736,-3.977
out-namd-complex01-av01,av01,frame152,-0.07,-0.38188,-0.226
out-namd-complex01-av01,av01,frame145,-1.58,-1.91437,-1.747
out-namd-complex01-av01,av01,frame44,-3.69,-4.06386,-3.877
out-namd-complex01-av01,av01,frame35,-5.53,-4.95835,-5.244
out-namd-complex01-av01,av01,frame63,-3.76,-4.42398,-4.092
out-namd-complex01-av01,av01,frame142,-0.66,-0.83717,-0.749
out-namd-complex01-av01,av01,frame164,-1.67,-2.47455,-2.072
out-namd-complex01-av01,av01,frame89,-2.41,-2.38328,-2.397
out-namd-complex01-av01,av01,frame07,-3.97,-5.38308,-4.677
out-namd-complex01-av01,av01,frame00,-6.12,-7.31505,-6.718
out-namd-complex01-av01,av01,frame67,-2.77,-2.9839,-2.877
out-namd-complex01-av01,av01,frame107,-3.51,-3.84064,-3.675
out-namd-complex01-av01,av01,frame183,-2.98,-3.38648,-3.183
out-namd-complex01-av01,av01,frame100,-4.07,-3.80971,-3.94
out-namd-complex01-av01,av01,frame159,-0.04,-0.71778,-0.379
out-namd-complex01-av01,av01,frame182,-3.24,-3.92178,-3.581
out-namd-complex01-av01,av01,frame22,-3.79,-4.07189,-3.931
out-namd-complex01-av01,av01,frame162,-2.33,-3.14843,-2.739
out-namd-complex01-av01,av01,frame131,-1.85,-2.51577,-2.183
out-namd-complex01-av01,av01,frame30,-5.01,-5.10308,-5.057
out-namd-complex01-av01,av01,frame154,-0.25,-0.84815,-0.549
out-namd-complex01-av01,av01,frame174,-2.16,-2.74727,-2.454
out-namd-complex01-av01,av01,frame119,-2.88,-3.04495,-2.962
out-namd-complex01-av01,av01,frame36,-4.8,-5.55638,-5.178
out-namd-complex01-av01,av01,frame110,-2.63,-3.40984,-3.02
out-namd-complex01-av01,av01,frame91,-0.94,-1.52718,-1.234
out-namd-complex01-av01,av01,frame62,-4.41,-4.81032,-4.61
out-namd-complex01-av01,av01,frame21,-4.3,-4.35085,-4.325
out-namd-complex01-av01,av01,frame01,-6.17,-7.22794,-6.699
out-namd-complex01-av01,av01,frame50,-2.83,-3.99571,-3.413
out-namd-complex01-av01,av01,frame34,-5.97,-5.15077,-5.56
out-namd-complex01-av01,av01,frame04,-5.29,-5.50002,-5.395
out-namd-complex01-av01,av01,frame112,-3.47,-3.4741,-3.472
out-namd-complex01-av01,av01,frame111,-2.74,-3.42199,-3.081
out-namd-complex01-av01,av01,frame115,-2.27,-3.28693,-2.778
out-namd-complex01-av01,av01,frame68,-1.9,-3.13917,-2.52
out-namd-complex01-av01,av01,frame190,-3.18,-3.20856,-3.194
out-namd-complex01-av01,av01,frame156,0.21,0.0,0.105
out-namd-complex01-av01,av01,frame23,-5.39,-4.68048,-5.035
out-namd-complex01-av01,av01,frame32,-5.31,-5.08978,-5.2
out-namd-complex01-av01,av01,frame78,-0.73,-1.45218,-1.091
out-namd-complex01-av01,av01,frame169,-1.41,-2.66184,-2.036
out-namd-complex01-av01,av01,frame96,-3.38,-3.37089,-3.375
out-namd-complex01-av01,av01,frame139,-0.25,-0.70605,-0.478
out-namd-complex01-av01,av01,frame143,-1.74,-1.34505,-1.543
out-namd-complex01-av01,av01,frame187,-3.61,-3.58617,-3.598
out-namd-complex01-av01,av01,frame165,-0.97,-2.16708,-1.569
out-namd-complex01-av01,av01,frame55,-3.96,-4.25549,-4.108
out-namd-complex01-av01,av01,frame73,-2.48,-3.15501,-2.818
out-namd-complex01-av01,av01,frame20,-5.82,-5.47037,-5.645
out-namd-complex01-av01,av01,frame83,-2.39,-3.22941,-2.81
out-namd-complex01-av01,av01,frame191,-2.49,-2.82126,-2.656
out-namd-complex01-av01,av01,frame13,-5.96,-5.50897,-5.734
out-namd-complex01-av01,av01,frame79,-1.82,-3.14601,-2.483
out-namd-complex01-av01,av01,frame114,-2.59,-3.5616,-3.076
out-namd-complex01-av01,av01,frame47,-4.49,-4.77514,-4.633
out-namd-complex01-av01,av01,frame28,-4.96,-5.6524,-5.306
out-namd-complex01-av01,av01,frame66,-2.83,-3.276,-3.053
out-namd-complex01-av01,av01,frame27,-4.63,-5.31238,-4.971
out-namd-complex01-av01,av01,frame132,-0.87,-2.00375,-1.437
out-namd-complex01-av01,av01,frame98,-4.01,-4.724,-4.367
out-namd-complex01-av01,av01,frame129,-1.73,-2.37714,-2.054
out-namd-complex01-av01,av01,frame106,-2.8,-3.31418,-3.057
out-namd-complex01-av01,av01,frame48,-3.31,-4.29148,-3.801
out-namd-complex01-av01,av01,frame194,-3.39,-2.75303,-3.072
out-namd-complex01-av01,av01,frame158,-1.13,-1.59265,-1.361
out-namd-complex01-av01,av01,frame188,-4.04,-2.74859,-3.394
out-namd-complex01-av01,av01,frame45,-4.99,-4.44408,-4.717
out-namd-complex01-av01,av01,frame12,-4.96,-5.83452,-5.397
out-namd-complex01-av01,av01,frame163,-2.25,-2.78008,-2.515
out-namd-complex01-av01,av01,frame116,-2.78,-3.72079,-3.25
out-namd-complex01-av01,av01,frame160,0.37,-0.70349,-0.167
out-namd-complex01-av01,av01,frame124,-2.18,-2.38954,-2.285
out-namd-complex01-av01,av01,frame153,0.23,-0.17649,0.027
out-namd-complex01-av01,av01,frame118,-2.44,-3.15855,-2.799
out-namd-complex01-av01,av01,frame193,-2.49,-2.9477,-2.719
out-namd-complex01-av01,av01,frame123,-0.25,-1.62053,-0.935
out-namd-complex01-av01,av01,frame178,-2.89,-3.2594,-3.075
out-namd-complex01-av01,av01,frame177,-2.75,-2.63279,-2.691
out-namd-complex01-av01,av01,frame117,-3.38,-4.28453,-3.832
out-namd-complex01-av01,av01,frame161,-2.41,-3.04117,-2.726
out-namd-complex01-av01,av01,frame71,-1.59,-3.34494,-2.467
out-namd-complex01-av01,av01,frame150,-0.98,-0.97764,-0.979
out-namd-complex01-av01,av01,frame74,-1.06,-2.28593,-1.673
out-namd-complex01-av01,av01,frame14,-4.96,-5.03169,-4.996
out-namd-complex01-av01,av01,frame192,-2.48,-2.46066,-2.47
out-namd-complex01-av01,av01,frame64,-3.31,-4.25527,-3.783
out-namd-complex01-av01,av01,frame167,-2.05,-2.00917,-2.03
out-namd-complex01-av01,av01,frame166,-2.04,-2.23647,-2.138
out-namd-complex01-av01,av01,frame03,-5.43,-5.47115,-5.451
out-namd-complex01-av01,av01,frame72,-1.91,-2.9488,-2.429
out-namd-complex01-av01,av01,frame175,-2.57,-2.59363,-2.582
out-namd-complex01-av01,av01,frame16,-5.2,-5.73662,-5.468
out-namd-complex01-av01,av01,frame179,-2.95,-3.34838,-3.149
out-namd-complex01-av01,av01,frame19,-4.96,-5.67576,-5.318
out-namd-complex01-av01,av01,frame102,-2.79,-3.165,-2.978
out-namd-complex01-av01,av01,frame85,-0.81,-1.72813,-1.269
out-namd-complex01-av01,av01,frame126,-0.65,-1.64909,-1.15
out-namd-complex01-av01,av01,frame87,-1.62,-1.41099,-1.515
out-namd-complex01-av01,av01,frame138,-1.2,-1.69688,-1.448
out-namd-complex01-av01,av01,frame120,-2.66,-3.93135,-3.296
out-namd-complex01-av01,av01,frame133,-2.16,-2.47377,-2.317
out-namd-complex-sw09,sw09,frame113,0.24,0.0,0.12
out-namd-complex-sw09,sw09,frame135,0.21,0.0,0.105
out-namd-complex-sw09,sw09,frame172,0.89,0.0,0.445
out-namd-complex-sw09,sw09,frame173,0.19,0.0,0.095
out-namd-complex-sw09,sw09,frame108,0.24,0.0,0.12
out-namd-complex-sw09,sw09,frame70,0.2,-0.01388,0.093
out-namd-complex-sw09,sw09,frame149,0.17,0.0,0.085
out-namd-complex-sw09,sw09,frame185,0.16,0.0,0.08
out-namd-complex-sw09,sw09,frame61,0.23,-0.06409,0.083
out-namd-complex-sw09,sw09,frame18,-3.32,-3.35988,-3.34
out-namd-complex-sw09,sw09,frame184,0.21,0.0,0.105
out-namd-complex-sw09,sw09,frame46,0.15,0.0,0.075
out-namd-complex-sw09,sw09,frame51,0.12,0.0,0.06
out-namd-complex-sw09,sw09,frame147,0.17,0.0,0.085
out-namd-complex-sw09,sw09,frame144,0.16,0.0,0.08
out-namd-complex-sw09,sw09,frame93,0.19,0.0,0.095
out-namd-complex-sw09,sw09,frame82,0.21,0.0,0.105
out-namd-complex-sw09,sw09,frame94,0.18,0.0,0.09
out-namd-complex-sw09,sw09,frame146,0.38,0.0,0.19
out-namd-complex-sw09,sw09,frame76,0.2,0.0,0.1
out-namd-complex-sw09,sw09,frame197,0.86,-0.00626,0.427
out-namd-complex-sw09,sw09,frame31,-3.06,-3.16421,-3.112
out-namd-complex-sw09,sw09,frame157,0.82,0.0,0.41
out-namd-complex-sw09,sw09,frame92,0.16,0.0,0.08
out-namd-complex-sw09,sw09,frame186,0.21,0.0,0.105
out-namd-complex-sw09,sw09,frame75,0.22,-0.01415,0.103
out-namd-complex-sw09,sw09,frame77,0.18,0.0,0.09
out-namd-complex-sw09,sw09,frame103,0.79,0.0,0.395
out-namd-complex-sw09,sw09,frame125,0.24,0.0,0.12
out-namd-complex-sw09,sw09,frame136,0.17,0.0,0.085
out-namd-complex-sw09,sw09,frame140,0.17,0.0,0.085
out-namd-complex-sw09,sw09,frame80,0.16,0.0,0.08
out-namd-complex-sw09,sw09,frame02,-3.91,-3.11151,-3.511
out-namd-complex-sw09,sw09,frame29,-2.35,-2.53269,-2.441
out-namd-complex-sw09,sw09,frame56,0.23,0.0,0.115
out-namd-complex-sw09,sw09,frame95,0.19,0.0,0.095
out-namd-complex-sw09,sw09,frame196,0.29,-0.13162,0.079
out-namd-complex-sw09,sw09,frame155,0.16,0.0,0.08
out-namd-complex-sw09,sw09,frame26,-2.79,-2.89641,-2.843
out-namd-complex-sw09,sw09,frame195,0.21,-0.10655,0.052
out-namd-complex-sw09,sw09,frame09,-2.42,-3.53238,-2.976
out-namd-complex-sw09,sw09,frame148,0.2,0.0,0.1
out-namd-complex-sw09,sw09,frame199,0.19,0.0,0.095
out-namd-complex-sw09,sw09,frame81,0.92,0.0,0.46
out-namd-complex-sw09,sw09,frame121,0.22,0.0,0.11
out-namd-complex-sw09,sw09,frame17,-3.81,-3.87638,-3.843
out-namd-complex-sw09,sw09,frame104,0.85,0.0,0.425
out-namd-complex-sw09,sw09,frame24,-2.82,-2.92089,-2.87
out-namd-complex-sw09,sw09,frame08,-2.99,-3.137,-3.064
out-namd-complex-sw09,sw09,frame58,0.21,0.0,0.105
out-namd-complex-sw09,sw09,frame128,0.17,0.0,0.085
out-namd-complex-sw09,sw09,frame198,0.17,-0.09694,0.037
out-namd-complex-sw09,sw09,frame134,0.16,0.0,0.08
out-namd-complex-sw09,sw09,frame06,-1.9,-2.36625,-2.133
out-namd-complex-sw09,sw09,frame52,0.25,0.0,0.125
out-namd-complex-sw09,sw09,frame109,0.23,0.0,0.115
out-namd-complex-sw09,sw09,frame168,0.2,0.0,0.1
out-namd-complex-sw09,sw09,frame05,-2.65,-2.94047,-2.795
out-namd-complex-sw09,sw09,frame97,0.21,0.0,0.105
out-namd-complex-sw09,sw09,frame53,0.2,0.0,0.1
out-namd-complex-sw09,sw09,frame181,0.27,0.0,0.135
out-namd-complex-sw09,sw09,frame59,0.16,0.0,0.08
out-namd-complex-sw09,sw09,frame176,0.14,0.0,0.07
out-namd-complex-sw09,sw09,frame37,-3.28,-3.01363,-3.147
out-namd-complex-sw09,sw09,frame151,0.2,0.0,0.1
out-namd-complex-sw09,sw09,frame42,-2.26,-2.57854,-2.419
out-namd-complex-sw09,sw09,frame86,0.25,-0.20205,0.024
out-namd-complex-sw09,sw09,frame38,-2.99,-3.67077,-3.33
out-namd-complex-sw09,sw09,frame57,0.23,0.0,0.115
out-namd-complex-sw09,sw09,frame105,0.95,0.0,0.475
out-namd-complex-sw09,sw09,frame130,0.13,0.0,0.065
out-namd-complex-sw09,sw09,frame54,0.18,0.0,0.09
out-namd-complex-sw09,sw09,frame10,-3.37,-3.35047,-3.36
out-namd-complex-sw09,sw09,frame171,0.21,0.0,0.105
out-namd-complex-sw09,sw09,frame88,0.23,-0.04687,0.092
out-namd-complex-sw09,sw09,frame99,0.2,0.0,0.1
out-namd-complex-sw09,sw09,frame141,0.18,0.0,0.09
out-namd-complex-sw09,sw09,frame90,0.22,0.0,0.11
out-namd-complex-sw09,sw09,frame41,-2.95,-3.34829,-3.149
out-namd-complex-sw09,sw09,frame15,-4.14,-4.40681,-4.273
out-namd-complex-sw09,sw09,frame69,0.21,0.0,0.105
out-namd-complex-sw09,sw09,frame84,0.16,-0.02554,0.067
out-namd-complex-sw09,sw09,frame180,0.23,0.0,0.115
out-namd-complex-sw09,sw09,frame65,0.19,0.0,0.095
out-namd-complex-sw09,sw09,frame170,0.15,0.0,0.075
out-namd-complex-sw09,sw09,frame189,0.21,0.0,0.105
out-namd-complex-sw09,sw09,frame101,0.17,0.0,0.085
out-namd-complex-sw09,sw09,frame11,-3.15,-4.01282,-3.581
out-namd-complex-sw09,sw09,frame137,0.23,0.0,0.115
out-namd-complex-sw09,sw09,frame43,-1.81,-1.78796,-1.799
out-namd-complex-sw09,sw09,frame127,0.18,0.0,0.09
out-namd-complex-sw09,sw09,frame122,0.2,0.0,0.1
out-namd-complex-sw09,sw09,frame40,-3.25,-3.61416,-3.432
out-namd-complex-sw09,sw09,frame49,0.83,0.0,0.415
out-namd-complex-sw09,sw09,frame33,-1.06,-2.4808,-1.77
out-namd-complex-sw09,sw09,frame25,-2.56,-3.36219,-2.961
out-namd-complex-sw09,sw09,frame60,0.82,-0.15051,0.335
out-namd-complex-sw09,sw09,frame39,-3.86,-4.06741,-3.964
out-namd-complex-sw09,sw09,frame152,0.2,0.0,0.1
out-namd-complex-sw09,sw09,frame145,0.19,0.0,0.095
out-namd-complex-sw09,sw09,frame44,-0.37,-0.95899,-0.664
out-namd-complex-sw09,sw09,frame35,-2.42,-3.32183,-2.871
out-namd-complex-sw09,sw09,frame63,0.17,0.0,0.085
out-namd-complex-sw09,sw09,frame142,0.22,0.0,0.11
out-namd-complex-sw09,sw09,frame164,0.16,0.0,0.08
out-namd-complex-sw09,sw09,frame89,0.39,0.0,0.195
out-namd-complex-sw09,sw09,frame07,-2.64,-2.96029,-2.8
out-namd-complex-sw09,sw09,frame00,-2.99,-4.50887,-3.749
out-namd-complex-sw09,sw09,frame67,0.22,0.0,0.11
out-namd-complex-sw09,sw09,frame107,0.19,0.0,0.095
out-namd-complex-sw09,sw09,frame183,0.18,0.0,0.09
out-namd-complex-sw09,sw09,frame100,0.19,0.0,0.095
out-namd-complex-sw09,sw09,frame159,0.84,0.0,0.42
out-namd-complex-sw09,sw09,frame182,0.17,0.0,0.085
out-namd-complex-sw09,sw09,frame22,-2.95,-2.89139,-2.921
out-namd-complex-sw09,sw09,frame162,0.14,0.0,0.07
out-namd-complex-sw09,sw09,frame131,0.18,0.0,0.09
out-namd-complex-sw09,sw09,frame30,-3.15,-3.41756,-3.284
out-namd-complex-sw09,sw09,frame154,0.2,0.0,0.1
out-namd-complex-sw09,sw09,frame174,0.15,0.0,0.075
out-namd-complex-sw09,sw09,frame119,0.22,0.0,0.11
out-namd-complex-sw09,sw09,frame36,-2.32,-3.17215,-2.746
out-namd-complex-sw09,sw09,frame110,0.86,0.0,0.43
out-namd-complex-sw09,sw09,frame91,0.15,0.0,0.075
out-namd-complex-sw09,sw09,frame62,0.26,-0.20985,0.025
out-namd-complex-sw09,sw09,frame21,-1.43,-1.59191,-1.511
out-namd-complex-sw09,sw09,frame01,-2.81,-3.90366,-3.357
out-namd-complex-sw09,sw09,frame50,0.24,0.0,0.12
out-namd-complex-sw09,sw09,frame34,-2.68,-3.13074,-2.905
out-namd-complex-sw09,sw09,frame04,-3.62,-3.29894,-3.459
out-namd-complex-sw09,sw09,frame112,0.83,0.0,0.415
out-namd-complex-sw09,sw09,frame111,0.85,0.0,0.425
out-namd-complex-sw09,sw09,frame115,0.25,0.0,0.125
out-namd-complex-sw09,sw09,frame68,0.14,0.0,0.07
out-namd-complex-sw09,sw09,frame190,0.86,0.0,0.43
out-namd-complex-sw09,sw09,frame156,0.21,0.0,0.105
out-namd-complex-sw09,sw09,frame23,-2.79,-3.06805,-2.929
out-namd-complex-sw09,sw09,frame32,-2.54,-2.7639,-2.652
out-namd-complex-sw09,sw09,frame78,0.2,0.0,0.1
out-namd-complex-sw09,sw09,frame169,0.15,0.0,0.075
out-namd-complex-sw09,sw09,frame96,0.19,0.0,0.095
out-namd-complex-sw09,sw09,frame139,0.84,0.0,0.42
out-namd-complex-sw09,sw09,frame143,0.19,0.0,0.095
out-namd-complex-sw09,sw09,frame187,0.21,0.0,0.105
out-namd-complex-sw09,sw09,frame165,0.88,0.0,0.44
out-namd-complex-sw09,sw09,frame55,0.16,0.0,0.08
out-namd-complex-sw09,sw09,frame73,0.16,0.0,0.08
out-namd-complex-sw09,sw09,frame20,-0.39,-1.83102,-1.111
out-namd-complex-sw09,sw09,frame83,0.16,0.0,0.08
out-namd-complex-sw09,sw09,frame191,0.19,0.0,0.095
out-namd-complex-sw09,sw09,frame13,-3.37,-4.06842,-3.719
out-namd-complex-sw09,sw09,frame79,0.18,0.0,0.09
out-namd-complex-sw09,sw09,frame114,0.18,0.0,0.09
out-namd-complex-sw09,sw09,frame47,0.18,0.0,0.09
out-namd-complex-sw09,sw09,frame28,-1.66,-2.88718,-2.274
out-namd-complex-sw09,sw09,frame66,0.22,0.0,0.11
out-namd-complex-sw09,sw09,frame27,-3.02,-3.13118,-3.076
out-namd-complex-sw09,sw09,frame132,0.19,0.0,0.095
out-namd-complex-sw09,sw09,frame98,0.17,0.0,0.085
out-namd-complex-sw09,sw09,frame129,0.16,0.0,0.08
out-namd-complex-sw09,sw09,frame106,0.21,0.0,0.105
out-namd-complex-sw09,sw09,frame48,0.88,-0.01789,0.431
out-namd-complex-sw09,sw09,frame194,0.23,0.0,0.115
out-namd-complex-sw09,sw09,frame158,0.84,0.0,0.42
out-namd-complex-sw09,sw09,frame188,0.22,0.0,0.11
out-namd-complex-sw09,sw09,frame45,0.19,-0.10328,0.043
out-namd-complex-sw09,sw09,frame12,-3.84,-4.03082,-3.935
out-namd-complex-sw09,sw09,frame163,0.19,0.0,0.095
out-namd-complex-sw09,sw09,frame116,0.15,0.0,0.075
out-namd-complex-sw09,sw09,frame160,0.22,0.0,0.11
out-namd-complex-sw09,sw09,frame124,0.18,0.0,0.09
out-namd-complex-sw09,sw09,frame153,0.18,0.0,0.09
out-namd-complex-sw09,sw09,frame118,0.64,0.0,0.32
out-namd-complex-sw09,sw09,frame193,0.21,0.0,0.105
out-namd-complex-sw09,sw09,frame123,0.15,0.0,0.075
out-namd-complex-sw09,sw09,frame178,0.19,0.0,0.095
out-namd-complex-sw09,sw09,frame177,0.85,0.0,0.425
out-namd-complex-sw09,sw09,frame117,0.19,0.0,0.095
out-namd-complex-sw09,sw09,frame161,0.17,0.0,0.085
out-namd-complex-sw09,sw09,frame71,0.16,0.0,0.08
out-namd-complex-sw09,sw09,frame150,0.92,0.0,0.46
out-namd-complex-sw09,sw09,frame74,0.15,0.0,0.075
out-namd-complex-sw09,sw09,frame14,-4.18,-4.29423,-4.237
out-namd-complex-sw09,sw09,frame192,0.19,0.0,0.095
out-namd-complex-sw09,sw09,frame64,0.28,0.0,0.14
out-namd-complex-sw09,sw09,frame167,0.84,0.0,0.42
out-namd-complex-sw09,sw09,frame166,0.86,0.0,0.43
out-namd-complex-sw09,sw09,frame03,-2.76,-2.88536,-2.823
out-namd-complex-sw09,sw09,frame72,0.17,0.0,0.085
out-namd-complex-sw09,sw09,frame175,0.21,0.0,0.105
out-namd-complex-sw09,sw09,frame16,-4.33,-4.08689,-4.208
out-namd-complex-sw09,sw09,frame179,0.26,0.0,0.13
out-namd-complex-sw09,sw09,frame19,-2.76,-3.05438,-2.907
out-namd-complex-sw09,sw09,frame102,0.18,0.0,0.09
out-namd-complex-sw09,sw09,frame85,-0.87,-1.36175,-1.116
out-namd-complex-sw09,sw09,frame126,0.21,0.0,0.105
out-namd-complex-sw09,sw09,frame87,0.2,-0.00628,0.097
out-namd-complex-sw09,sw09,frame138,0.22,0.0,0.11
out-namd-complex-sw09,sw09,frame120,0.25,0.0,0.125
out-namd-complex-sw09,sw09,frame133,0.15,0.0,0.075
out-namd-complex-av20,av20,frame113,0.18,0.0,0.09
out-namd-complex-av20,av20,frame135,0.21,0.0,0.105
out-namd-complex-av20,av20,frame172,0.15,0.0,0.075
out-namd-complex-av20,av20,frame173,0.21,0.0,0.105
out-namd-complex-av20,av20,frame108,0.15,0.0,0.075
out-namd-complex-av20,av20,frame70,0.17,0.0,0.085
out-namd-complex-av20,av20,frame149,0.13,0.0,0.065
out-namd-complex-av20,av20,frame185,0.21,0.0,0.105
out-namd-complex-av20,av20,frame61,-2.89,-3.90137,-3.396
out-namd-complex-av20,av20,frame18,-4.41,-5.46531,-4.938
out-namd-complex-av20,av20,frame184,0.19,0.0,0.095
out-namd-complex-av20,av20,frame46,-5.49,-5.79847,-5.644
out-namd-complex-av20,av20,frame51,-1.42,-2.70866,-2.064
out-namd-complex-av20,av20,frame147,0.17,0.0,0.085
out-namd-complex-av20,av20,frame144,0.21,0.0,0.105
out-namd-complex-av20,av20,frame93,0.17,0.0,0.085
out-namd-complex-av20,av20,frame82,-1.81,-2.32906,-2.07
out-namd-complex-av20,av20,frame94,0.15,0.0,0.075
out-namd-complex-av20,av20,frame146,0.16,0.0,0.08
out-namd-complex-av20,av20,frame76,0.67,0.0,0.335
out-namd-complex-av20,av20,frame197,0.22,0.0,0.11
out-namd-complex-av20,av20,frame31,-5.4,-5.76308,-5.582
out-namd-complex-av20,av20,frame157,0.13,0.0,0.065
out-namd-complex-av20,av20,frame92,0.21,0.0,0.105
out-namd-complex-av20,av20,frame186,0.16,0.0,0.08
out-namd-complex-av20,av20,frame75,0.17,0.0,0.085
out-namd-complex-av20,av20,frame77,0.91,0.0,0.455
out-namd-complex-av20,av20,frame103,0.23,0.0,0.115
out-namd-complex-av20,av20,frame125,0.16,0.0,0.08
out-namd-complex-av20,av20,frame136,0.24,0.0,0.12
out-namd-complex-av20,av20,frame140,0.27,0.0,0.135
out-namd-complex-av20,av20,frame80,0.2,0.0,0.1
out-namd-complex-av20,av20,frame02,-5.34,-6.43871,-5.889
out-namd-complex-av20,av20,frame29,-4.6,-5.29447,-4.947
out-namd-complex-av20,av20,frame56,-3.38,-3.30472,-3.342
out-namd-complex-av20,av20,frame95,0.16,0.0,0.08
out-namd-complex-av20,av20,frame196,0.18,0.0,0.09
out-namd-complex-av20,av20,frame155,0.2,0.0,0.1
out-namd-complex-av20,av20,frame26,-2.97,-5.27795,-4.124
out-namd-complex-av20,av20,frame195,0.2,0.0,0.1
out-namd-complex-av20,av20,frame09,-4.08,-5.3201,-4.7
out-namd-complex-av20,av20,frame148,0.2,0.0,0.1
out-namd-complex-av20,av20,frame199,0.16,0.0,0.08
out-namd-complex-av20,av20,frame81,-2.04,-2.96376,-2.502
out-namd-complex-av20,av20,frame121,0.21,0.0,0.105
out-namd-complex-av20,av20,frame17,-4.55,-5.67814,-5.114
out-namd-complex-av20,av20,frame104,0.22,0.0,0.11
out-namd-complex-av20,av20,frame24,-5.62,-5.67031,-5.645
out-namd-complex-av20,av20,frame08,-3.31,-4.09083,-3.7
out-namd-complex-av20,av20,frame58,-2.99,-4.1388,-3.564
out-namd-complex-av20,av20,frame128,0.88,0.0,0.44
out-namd-complex-av20,av20,frame198,0.16,0.0,0.08
out-namd-complex-av20,av20,frame134,0.9,0.0,0.45
out-namd-complex-av20,av20,frame06,-5.09,-5.29889,-5.194
out-namd-complex-av20,av20,frame52,-3.06,-3.3782,-3.219
out-namd-complex-av20,av20,frame109,0.15,0.0,0.075
out-namd-complex-av20,av20,frame168,0.23,0.0,0.115
out-namd-complex-av20,av20,frame05,-6.23,-6.74119,-6.486
out-namd-complex-av20,av20,frame97,0.21,0.0,0.105
out-namd-complex-av20,av20,frame53,-1.15,-2.99983,-2.075
out-namd-complex-av20,av20,frame181,0.16,0.0,0.08
out-namd-complex-av20,av20,frame59,-3.51,-4.14724,-3.829
out-namd-complex-av20,av20,frame176,0.15,0.0,0.075
out-namd-complex-av20,av20,frame37,-3.95,-4.49624,-4.223
out-namd-complex-av20,av20,frame151,0.19,0.0,0.095
out-namd-complex-av20,av20,frame42,-3.0,-4.42361,-3.712
out-namd-complex-av20,av20,frame86,0.3,0.0,0.15
out-namd-complex-av20,av20,frame38,-3.02,-4.48913,-3.755
out-namd-complex-av20,av20,frame57,-3.4,-4.29619,-3.848
out-namd-complex-av20,av20,frame105,0.18,0.0,0.09
out-namd-complex-av20,av20,frame130,0.84,0.0,0.42
out-namd-complex-av20,av20,frame54,-2.17,-3.40244,-2.786
out-namd-complex-av20,av20,frame10,-3.9,-4.98996,-4.445
out-namd-complex-av20,av20,frame171,0.84,0.0,0.42
out-namd-complex-av20,av20,frame88,0.16,0.0,0.08
out-namd-complex-av20,av20,frame99,0.86,0.0,0.43
out-namd-complex-av20,av20,frame141,0.86,0.0,0.43
out-namd-complex-av20,av20,frame90,0.19,0.0,0.095
out-namd-complex-av20,av20,frame41,-3.16,-4.71619,-3.938
out-namd-complex-av20,av20,frame15,-4.9,-5.95237,-5.426
out-namd-complex-av20,av20,frame69,0.12,0.0,0.06
out-namd-complex-av20,av20,frame84,0.19,0.0,0.095
out-namd-complex-av20,av20,frame180,0.2,0.0,0.1
out-namd-complex-av20,av20,frame65,0.2,0.0,0.1
out-namd-complex-av20,av20,frame170,0.84,0.0,0.42
out-namd-complex-av20,av20,frame189,0.22,0.0,0.11
out-namd-complex-av20,av20,frame101,0.24,0.0,0.12
out-namd-complex-av20,av20,frame11,-3.51,-5.16448,-4.337
out-namd-complex-av20,av20,frame137,0.13,0.0,0.065
out-namd-complex-av20,av20,frame43,-3.55,-4.72075,-4.135
out-namd-complex-av20,av20,frame127,0.21,0.0,0.105
out-namd-complex-av20,av20,frame122,0.14,0.0,0.07
out-namd-complex-av20,av20,frame40,-4.68,-5.60184,-5.141
out-namd-complex-av20,av20,frame49,-0.89,-1.86905,-1.38
out-namd-complex-av20,av20,frame33,-6.87,-6.0752,-6.473
out-namd-complex-av20,av20,frame25,-4.34,-5.03757,-4.689
out-namd-complex-av20,av20,frame60,-1.93,-2.78416,-2.357
out-namd-complex-av20,av20,frame39,-4.92,-5.71836,-5.319
out-namd-complex-av20,av20,frame152,0.21,0.0,0.105
out-namd-complex-av20,av20,frame145,0.18,0.0,0.09
out-namd-complex-av20,av20,frame44,-3.14,-4.24833,-3.694
out-namd-complex-av20,av20,frame35,-5.9,-6.66324,-6.282
out-namd-complex-av20,av20,frame63,-4.21,-3.8162,-4.013
out-namd-complex-av20,av20,frame142,0.18,0.0,0.09
out-namd-complex-av20,av20,frame164,0.82,0.0,0.41
out-namd-complex-av20,av20,frame89,0.18,0.0,0.09
out-namd-complex-av20,av20,frame07,-4.76,-5.7335,-5.247
out-namd-complex-av20,av20,frame00,-4.61,-5.80173,-5.206
out-namd-complex-av20,av20,frame67,0.22,0.0,0.11
out-namd-complex-av20,av20,frame107,0.3,0.0,0.15
out-namd-complex-av20,av20,frame183,0.14,0.0,0.07
out-namd-complex-av20,av20,frame100,0.18,0.0,0.09
out-namd-complex-av20,av20,frame159,0.18,0.0,0.09
out-namd-complex-av20,av20,frame182,0.18,0.0,0.09
out-namd-complex-av20,av20,frame22,-5.35,-5.23833,-5.294
out-namd-complex-av20,av20,frame162,0.87,0.0,0.435
out-namd-complex-av20,av20,frame131,0.19,0.0,0.095
out-namd-complex-av20,av20,frame30,-3.24,-4.47157,-3.856
out-namd-complex-av20,av20,frame154,0.17,0.0,0.085
out-namd-complex-av20,av20,frame174,0.21,0.0,0.105
out-namd-complex-av20,av20,frame119,0.13,0.0,0.065
out-namd-complex-av20,av20,frame36,-5.29,-5.64129,-5.466
out-namd-complex-av20,av20,frame110,0.23,0.0,0.115
out-namd-complex-av20,av20,frame91,0.18,0.0,0.09
out-namd-complex-av20,av20,frame62,-2.81,-3.29848,-3.054
out-namd-complex-av20,av20,frame21,-4.86,-5.67403,-5.267
out-namd-complex-av20,av20,frame01,-4.63,-5.58314,-5.107
out-namd-complex-av20,av20,frame50,-2.42,-2.91521,-2.668
out-namd-complex-av20,av20,frame34,-6.81,-6.41235,-6.611
out-namd-complex-av20,av20,frame04,-4.66,-5.64329,-5.152
out-namd-complex-av20,av20,frame112,0.22,0.0,0.11
out-namd-complex-av20,av20,frame111,0.15,0.0,0.075
out-namd-complex-av20,av20,frame115,0.24,0.0,0.12
out-namd-complex-av20,av20,frame68,-3.07,-3.88218,-3.476
out-namd-complex-av20,av20,frame190,0.2,0.0,0.1
out-namd-complex-av20,av20,frame156,0.22,0.0,0.11
out-namd-complex-av20,av20,frame23,-4.88,-5.72909,-5.305
out-namd-complex-av20,av20,frame32,-4.3,-5.11106,-4.706
out-namd-complex-av20,av20,frame78,-2.51,-3.70448,-3.107
out-namd-complex-av20,av20,frame169,0.12,0.0,0.06
out-namd-complex-av20,av20,frame96,0.19,0.0,0.095
out-namd-complex-av20,av20,frame139,0.22,0.0,0.11
out-namd-complex-av20,av20,frame143,0.17,0.0,0.085
out-namd-complex-av20,av20,frame187,0.83,0.0,0.415
out-namd-complex-av20,av20,frame165,0.19,0.0,0.095
out-namd-complex-av20,av20,frame55,-4.08,-3.85718,-3.969
out-namd-complex-av20,av20,frame73,0.86,0.0,0.43
out-namd-complex-av20,av20,frame20,-2.65,-4.37326,-3.512
out-namd-complex-av20,av20,frame83,-0.9,-1.54135,-1.221
out-namd-complex-av20,av20,frame191,0.15,0.0,0.075
out-namd-complex-av20,av20,frame13,-4.04,-5.28431,-4.662
out-namd-complex-av20,av20,frame79,-2.03,-3.43952,-2.735
out-namd-complex-av20,av20,frame114,0.15,0.0,0.075
out-namd-complex-av20,av20,frame47,-2.16,-3.20207,-2.681
out-namd-complex-av20,av20,frame28,-5.65,-6.13311,-5.892
out-namd-complex-av20,av20,frame66,0.25,0.0,0.125
out-namd-complex-av20,av20,frame27,-5.09,-5.21955,-5.155
out-namd-complex-av20,av20,frame132,0.24,0.0,0.12
out-namd-complex-av20,av20,frame98,0.17,0.0,0.085
out-namd-complex-av20,av20,frame129,0.17,0.0,0.085
out-namd-complex-av20,av20,frame106,0.18,0.0,0.09
out-namd-complex-av20,av20,frame48,-2.35,-3.49029,-2.92
out-namd-complex-av20,av20,frame194,0.21,0.0,0.105
out-namd-complex-av20,av20,frame158,0.24,0.0,0.12
out-namd-complex-av20,av20,frame188,0.17,0.0,0.085
out-namd-complex-av20,av20,frame45,-2.85,-4.11153,-3.481
out-namd-complex-av20,av20,frame12,-3.09,-4.7856,-3.938
out-namd-complex-av20,av20,frame163,0.24,0.0,0.12
out-namd-complex-av20,av20,frame116,0.23,0.0,0.115
out-namd-complex-av20,av20,frame160,0.19,0.0,0.095
out-namd-complex-av20,av20,frame124,0.19,0.0,0.095
out-namd-complex-av20,av20,frame153,0.21,0.0,0.105
out-namd-complex-av20,av20,frame118,0.23,0.0,0.115
out-namd-complex-av20,av20,frame193,0.19,0.0,0.095
out-namd-complex-av20,av20,frame123,0.21,0.0,0.105
out-namd-complex-av20,av20,frame178,0.25,0.0,0.125
out-namd-complex-av20,av20,frame177,0.13,0.0,0.065
out-namd-complex-av20,av20,frame117,0.23,0.0,0.115
out-namd-complex-av20,av20,frame161,0.85,0.0,0.425
out-namd-complex-av20,av20,frame71,0.17,0.0,0.085
out-namd-complex-av20,av20,frame150,0.15,0.0,0.075
out-namd-complex-av20,av20,frame74,-3.83,-3.92218,-3.876
out-namd-complex-av20,av20,frame14,-2.83,-5.07556,-3.953
out-namd-complex-av20,av20,frame192,0.19,0.0,0.095
out-namd-complex-av20,av20,frame64,-3.79,-4.69368,-4.242
out-namd-complex-av20,av20,frame167,0.35,0.0,0.175
out-namd-complex-av20,av20,frame166,0.15,0.0,0.075
out-namd-complex-av20,av20,frame03,-4.87,-5.61874,-5.244
out-namd-complex-av20,av20,frame72,0.25,0.0,0.125
out-namd-complex-av20,av20,frame175,0.14,0.0,0.07
out-namd-complex-av20,av20,frame16,-4.9,-6.17011,-5.535
out-namd-complex-av20,av20,frame179,0.19,0.0,0.095
out-namd-complex-av20,av20,frame19,-3.95,-4.71131,-4.331
out-namd-complex-av20,av20,frame102,0.24,0.0,0.12
out-namd-complex-av20,av20,frame85,0.16,0.0,0.08
out-namd-complex-av20,av20,frame126,0.22,0.0,0.11
out-namd-complex-av20,av20,frame87,0.21,0.0,0.105
out-namd-complex-av20,av20,frame138,0.15,0.0,0.075
out-namd-complex-av20,av20,frame120,0.21,0.0,0.105
out-namd-complex-av20,av20,frame133,0.21,0.0,0.105
out-namd-complex08-ad06,ad06,frame113,0.21,0.0,0.105
out-namd-complex08-ad06,ad06,frame135,0.13,0.0,0.065
out-namd-complex08-ad06,ad06,frame172,0.2,0.0,0.1
out-namd-complex08-ad06,ad06,frame173,0.18,0.0,0.09
out-namd-complex08-ad06,ad06,frame108,0.18,0.0,0.09
out-namd-complex08-ad06,ad06,frame70,-2.07,-3.20391,-2.637
out-namd-complex08-ad06,ad06,frame149,0.18,0.0,0.09
out-namd-complex08-ad06,ad06,frame185,0.83,0.0,0.415
out-namd-complex08-ad06,ad06,frame61,-1.51,-1.83978,-1.675
out-namd-complex08-ad06,ad06,frame18,-1.77,-2.40631,-2.088
out-namd-complex08-ad06,ad06,frame184,0.23,0.0,0.115
out-namd-complex08-ad06,ad06,frame46,-3.82,-2.58834,-3.204
out-namd-complex08-ad06,ad06,frame51,0.22,-0.02556,0.097
out-namd-complex08-ad06,ad06,frame147,0.17,0.0,0.085
out-namd-complex08-ad06,ad06,frame144,0.19,0.0,0.095
out-namd-complex08-ad06,ad06,frame93,0.89,0.0,0.445
out-namd-complex08-ad06,ad06,frame82,-0.81,-1.13095,-0.97
out-namd-complex08-ad06,ad06,frame94,0.85,0.0,0.425
out-namd-complex08-ad06,ad06,frame146,0.5,0.0,0.25
out-namd-complex08-ad06,ad06,frame76,-2.2,-2.35264,-2.276
out-namd-complex08-ad06,ad06,frame197,0.22,0.0,0.11
out-namd-complex08-ad06,ad06,frame31,-4.45,-4.51747,-4.484
out-namd-complex08-ad06,ad06,frame157,0.18,0.0,0.09
out-namd-complex08-ad06,ad06,frame92,0.24,0.0,0.12
out-namd-complex08-ad06,ad06,frame186,0.89,0.0,0.445
out-namd-complex08-ad06,ad06,frame75,-1.31,-1.53827,-1.424
out-namd-complex08-ad06,ad06,frame77,-0.68,-0.7142,-0.697
out-namd-complex08-ad06,ad06,frame103,0.19,0.0,0.095
out-namd-complex08-ad06,ad06,frame125,0.27,0.0,0.135
out-namd-complex08-ad06,ad06,frame136,0.18,0.0,0.09
out-namd-complex08-ad06,ad06,frame140,0.18,0.0,0.09
out-namd-complex08-ad06,ad06,frame80,-0.96,-0.53771,-0.749
out-namd-complex08-ad06,ad06,frame02,-3.54,-3.96099,-3.75
out-namd-complex08-ad06,ad06,frame29,-4.7,-4.30946,-4.505
out-namd-complex08-ad06,ad06,frame56,-0.16,-0.54178,-0.351
out-namd-complex08-ad06,ad06,frame95,0.15,0.0,0.075
out-namd-complex08-ad06,ad06,frame196,0.2,0.0,0.1
out-namd-complex08-ad06,ad06,frame155,0.17,0.0,0.085
out-namd-complex08-ad06,ad06,frame26,-3.94,-4.12393,-4.032
out-namd-complex08-ad06,ad06,frame195,0.15,0.0,0.075
out-namd-complex08-ad06,ad06,frame09,-3.09,-3.93877,-3.514
out-namd-complex08-ad06,ad06,frame148,0.24,0.0,0.12
out-namd-complex08-ad06,ad06,frame199,0.18,0.0,0.09
out-namd-complex08-ad06,ad06,frame81,-0.6,-0.81194,-0.706
out-namd-complex08-ad06,ad06,frame121,0.2,0.0,0.1
out-namd-complex08-ad06,ad06,frame17,-2.45,-2.79653,-2.623
out-namd-complex08-ad06,ad06,frame104,0.21,0.0,0.105
out-namd-complex08-ad06,ad06,frame24,-5.29,-5.14369,-5.217
out-namd-complex08-ad06,ad06,frame08,-2.23,-2.96125,-2.596
out-namd-complex08-ad06,ad06,frame58,-2.02,-2.22569,-2.123
out-namd-complex08-ad06,ad06,frame128,0.2,0.0,0.1
out-namd-complex08-ad06,ad06,frame198,0.18,0.0,0.09
out-namd-complex08-ad06,ad06,frame134,0.17,0.0,0.085
out-namd-complex08-ad06,ad06,frame06,-2.81,-3.65697,-3.233
out-namd-complex08-ad06,ad06,frame52,0.25,-0.05976,0.095
out-namd-complex08-ad06,ad06,frame109,0.17,0.0,0.085
out-namd-complex08-ad06,ad06,frame168,0.21,0.0,0.105
out-namd-complex08-ad06,ad06,frame05,-3.96,-4.17339,-4.067
out-namd-complex08-ad06,ad06,frame97,0.18,0.0,0.09
out-namd-complex08-ad06,ad06,frame53,0.24,-0.07552,0.082
out-namd-complex08-ad06,ad06,frame181,0.21,0.0,0.105
out-namd-complex08-ad06,ad06,frame59,-2.1,-2.56296,-2.331
out-namd-complex08-ad06,ad06,frame176,0.16,0.0,0.08
out-namd-complex08-ad06,ad06,frame37,-4.28,-4.48904,-4.385
out-namd-complex08-ad06,ad06,frame151,0.15,0.0,0.075
out-namd-complex08-ad06,ad06,frame42,-3.33,-3.94504,-3.638
out-namd-complex08-ad06,ad06,frame86,0.16,0.0,0.08
out-namd-complex08-ad06,ad06,frame38,-4.07,-4.46028,-4.265
out-namd-complex08-ad06,ad06,frame57,-1.4,-2.27966,-1.84
out-namd-complex08-ad06,ad06,frame105,0.84,0.0,0.42
out-namd-complex08-ad06,ad06,frame130,0.12,0.0,0.06
out-namd-complex08-ad06,ad06,frame54,0.18,0.0,0.09
out-namd-complex08-ad06,ad06,frame10,-2.79,-3.33885,-3.064
out-namd-complex08-ad06,ad06,frame171,0.17,0.0,0.085
out-namd-complex08-ad06,ad06,frame88,0.24,0.0,0.12
out-namd-complex08-ad06,ad06,frame99,0.82,0.0,0.41
out-namd-complex08-ad06,ad06,frame141,0.55,0.0,0.275
out-namd-complex08-ad06,ad06,frame90,0.22,0.0,0.11
out-namd-complex08-ad06,ad06,frame41,-3.62,-4.3191,-3.97
out-namd-complex08-ad06,ad06,frame15,-3.61,-2.62452,-3.117
out-namd-complex08-ad06,ad06,frame69,-1.68,-2.901,-2.29
out-namd-complex08-ad06,ad06,frame84,0.16,-0.10645,0.027
out-namd-complex08-ad06,ad06,frame180,0.24,0.0,0.12
out-namd-complex08-ad06,ad06,frame65,-3.47,-3.59285,-3.531
out-namd-complex08-ad06,ad06,frame170,0.18,0.0,0.09
out-namd-complex08-ad06,ad06,frame189,0.18,0.0,0.09
out-namd-complex08-ad06,ad06,frame101,0.22,0.0,0.11
out-namd-complex08-ad06,ad06,frame11,-3.29,-3.85415,-3.572
out-namd-complex08-ad06,ad06,frame137,0.22,0.0,0.11
out-namd-complex08-ad06,ad06,frame43,-3.69,-3.69057,-3.69
out-namd-complex08-ad06,ad06,frame127,0.22,0.0,0.11
out-namd-complex08-ad06,ad06,frame122,0.92,0.0,0.46
out-namd-complex08-ad06,ad06,frame40,-3.7,-3.68754,-3.694
out-namd-complex08-ad06,ad06,frame49,0.18,0.0,0.09
out-namd-complex08-ad06,ad06,frame33,-2.88,-4.09964,-3.49
out-namd-complex08-ad06,ad06,frame25,-5.57,-5.5417,-5.556
out-namd-complex08-ad06,ad06,frame60,-2.69,-2.25231,-2.471
out-namd-complex08-ad06,ad06,frame39,-3.56,-3.83275,-3.696
out-namd-complex08-ad06,ad06,frame152,0.18,0.0,0.09
out-namd-complex08-ad06,ad06,frame145,0.26,0.0,0.13
out-namd-complex08-ad06,ad06,frame44,-3.42,-3.15981,-3.29
out-namd-complex08-ad06,ad06,frame35,-3.76,-4.61528,-4.188
out-namd-complex08-ad06,ad06,frame63,-2.21,-3.02407,-2.617
out-namd-complex08-ad06,ad06,frame142,0.18,0.0,0.09
out-namd-complex08-ad06,ad06,frame164,0.23,0.0,0.115
out-namd-complex08-ad06,ad06,frame89,0.24,0.0,0.12
out-namd-complex08-ad06,ad06,frame07,-2.56,-3.14758,-2.854
out-namd-complex08-ad06,ad06,frame00,-4.1,-4.46231,-4.281
out-namd-complex08-ad06,ad06,frame67,-2.39,-2.69001,-2.54
out-namd-complex08-ad06,ad06,frame107,0.25,0.0,0.125
out-namd-complex08-ad06,ad06,frame183,0.72,0.0,0.36
out-namd-complex08-ad06,ad06,frame100,0.17,0.0,0.085
out-namd-complex08-ad06,ad06,frame159,0.21,0.0,0.105
out-namd-complex08-ad06,ad06,frame182,0.15,0.0,0.075
out-namd-complex08-ad06,ad06,frame22,-1.91,-3.11146,-2.511
out-namd-complex08-ad06,ad06,frame162,0.27,0.0,0.135
out-namd-complex08-ad06,ad06,frame131,0.18,0.0,0.09
out-namd-complex08-ad06,ad06,frame30,-5.27,-5.08008,-5.175
out-namd-complex08-ad06,ad06,frame154,0.19,0.0,0.095
out-namd-complex08-ad06,ad06,frame174,0.16,0.0,0.08
out-namd-complex08-ad06,ad06,frame119,0.19,0.0,0.095
out-namd-complex08-ad06,ad06,frame36,-3.2,-4.54161,-3.871
out-namd-complex08-ad06,ad06,frame110,0.5,0.0,0.25
out-namd-complex08-ad06,ad06,frame91,0.15,0.0,0.075
out-namd-complex08-ad06,ad06,frame62,-0.92,-1.4964,-1.208
out-namd-complex08-ad06,ad06,frame21,-0.77,-2.23417,-1.502
out-namd-complex08-ad06,ad06,frame01,-3.74,-4.07527,-3.908
out-namd-complex08-ad06,ad06,frame50,0.25,-0.19718,0.026
out-namd-complex08-ad06,ad06,frame34,-4.21,-5.08004,-4.645
out-namd-complex08-ad06,ad06,frame04,-5.22,-4.3114,-4.766
out-namd-complex08-ad06,ad06,frame112,0.16,0.0,0.08
out-namd-complex08-ad06,ad06,frame111,0.19,0.0,0.095
out-namd-complex08-ad06,ad06,frame115,0.2,0.0,0.1
out-namd-complex08-ad06,ad06,frame68,-2.44,-2.87072,-2.655
out-namd-complex08-ad06,ad06,frame190,0.15,0.0,0.075
out-namd-complex08-ad06,ad06,frame156,0.22,0.0,0.11
out-namd-complex08-ad06,ad06,frame23,-3.59,-4.71479,-4.152
out-namd-complex08-ad06,ad06,frame32,-4.82,-4.33128,-4.576
out-namd-complex08-ad06,ad06,frame78,-0.54,-1.03268,-0.786
out-namd-complex08-ad06,ad06,frame169,0.21,0.0,0.105
out-namd-complex08-ad06,ad06,frame96,0.11,0.0,0.055
out-namd-complex08-ad06,ad06,frame139,0.18,0.0,0.09
out-namd-complex08-ad06,ad06,frame143,0.2,0.0,0.1
out-namd-complex08-ad06,ad06,frame187,0.22,0.0,0.11
out-namd-complex08-ad06,ad06,frame165,0.25,0.0,0.125
out-namd-complex08-ad06,ad06,frame55,0.21,-0.0583,0.076
out-namd-complex08-ad06,ad06,frame73,-3.09,-2.65661,-2.873
out-namd-complex08-ad06,ad06,frame20,-1.66,-2.43307,-2.047
out-namd-complex08-ad06,ad06,frame83,0.25,-0.09488,0.078
out-namd-complex08-ad06,ad06,frame191,0.27,0.0,0.135
out-namd-complex08-ad06,ad06,frame13,-2.39,-2.42329,-2.407
out-namd-complex08-ad06,ad06,frame79,-0.45,-0.90141,-0.676
out-namd-complex08-ad06,ad06,frame114,0.2,0.0,0.1
out-namd-complex08-ad06,ad06,frame47,-1.85,-1.25933,-1.555
out-namd-complex08-ad06,ad06,frame28,-3.78,-4.49598,-4.138
out-namd-complex08-ad06,ad06,frame66,-2.7,-3.3086,-3.004
out-namd-complex08-ad06,ad06,frame27,-4.33,-4.2191,-4.275
out-namd-complex08-ad06,ad06,frame132,0.16,0.0,0.08
out-namd-complex08-ad06,ad06,frame98,0.19,0.0,0.095
out-namd-complex08-ad06,ad06,frame129,0.22,0.0,0.11
out-namd-complex08-ad06,ad06,frame106,0.18,0.0,0.09
out-namd-complex08-ad06,ad06,frame48,0.05,-0.34149,-0.146
out-namd-complex08-ad06,ad06,frame194,0.19,0.0,0.095
out-namd-complex08-ad06,ad06,frame158,0.16,0.0,0.08
out-namd-complex08-ad06,ad06,frame188,0.17,0.0,0.085
out-namd-complex08-ad06,ad06,frame45,-2.87,-3.29911,-3.085
out-namd-complex08-ad06,ad06,frame12,-1.16,-1.59232,-1.376
out-namd-complex08-ad06,ad06,frame163,0.22,0.0,0.11
out-namd-complex08-ad06,ad06,frame116,0.19,0.0,0.095
out-namd-complex08-ad06,ad06,frame160,0.17,0.0,0.085
out-namd-complex08-ad06,ad06,frame124,0.18,0.0,0.09
out-namd-complex08-ad06,ad06,frame153,0.13,0.0,0.065
out-namd-complex08-ad06,ad06,frame118,0.19,0.0,0.095
out-namd-complex08-ad06,ad06,frame193,0.16,0.0,0.08
out-namd-complex08-ad06,ad06,frame123,0.17,0.0,0.085
out-namd-complex08-ad06,ad06,frame178,0.85,0.0,0.425
out-namd-complex08-ad06,ad06,frame177,0.88,0.0,0.44
out-namd-complex08-ad06,ad06,frame117,0.19,0.0,0.095
out-namd-complex08-ad06,ad06,frame161,0.18,0.0,0.09
out-namd-complex08-ad06,ad06,frame71,-1.7,-3.00545,-2.353
out-namd-complex08-ad06,ad06,frame150,0.19,0.0,0.095
out-namd-complex08-ad06,ad06,frame74,-2.02,-2.23091,-2.125
out-namd-complex08-ad06,ad06,frame14,-1.63,-2.23961,-1.935
out-namd-complex08-ad06,ad06,frame192,0.16,0.0,0.08
out-namd-complex08-ad06,ad06,frame64,-2.7,-3.14621,-2.923
out-namd-complex08-ad06,ad06,frame167,0.2,0.0,0.1
out-namd-complex08-ad06,ad06,frame166,0.17,0.0,0.085
out-namd-complex08-ad06,ad06,frame03,-5.45,-4.69226,-5.071
out-namd-complex08-ad06,ad06,frame72,-3.26,-3.36494,-3.312
out-namd-complex08-ad06,ad06,frame175,0.24,0.0,0.12
out-namd-complex08-ad06,ad06,frame16,-1.92,-2.9128,-2.416
out-namd-complex08-ad06,ad06,frame179,0.21,0.0,0.105
out-namd-complex08-ad06,ad06,frame19,-1.32,-1.68204,-1.501
out-namd-complex08-ad06,ad06,frame102,0.13,0.0,0.065
out-namd-complex08-ad06,ad06,frame85,0.85,0.0,0.425
out-namd-complex08-ad06,ad06,frame126,0.18,0.0,0.09
out-namd-complex08-ad06,ad06,frame87,0.19,0.0,0.095
out-namd-complex08-ad06,ad06,frame138,0.24,0.0,0.12
out-namd-complex08-ad06,ad06,frame120,0.18,0.0,0.09
out-namd-complex08-ad06,ad06,frame133,0.14,0.0,0.07
out-namd-complex07-sw06,sw06,frame113,-4.8,-5.79524,-5.298
out-namd-complex07-sw06,sw06,frame135,-4.46,-5.45726,-4.959
out-namd-complex07-sw06,sw06,frame172,-4.03,-4.09976,-4.065
out-namd-complex07-sw06,sw06,frame173,-3.57,-4.63415,-4.102
out-namd-complex07-sw06,sw06,frame108,-4.7,-5.57833,-5.139
out-namd-complex07-sw06,sw06,frame70,-3.34,-4.88078,-4.11
out-namd-complex07-sw06,sw06,frame149,-3.49,-4.08761,-3.789
out-namd-complex07-sw06,sw06,frame185,-3.47,-3.98906,-3.73
out-namd-complex07-sw06,sw06,frame61,-4.54,-5.15782,-4.849
out-namd-complex07-sw06,sw06,frame18,-4.22,-5.57656,-4.898
out-namd-complex07-sw06,sw06,frame184,-2.45,-3.75935,-3.105
out-namd-complex07-sw06,sw06,frame46,-3.56,-5.05147,-4.306
out-namd-complex07-sw06,sw06,frame51,-4.47,-5.51552,-4.993
out-namd-complex07-sw06,sw06,frame147,-4.92,-6.03352,-5.477
out-namd-complex07-sw06,sw06,frame144,-4.46,-5.9101,-5.185
out-namd-complex07-sw06,sw06,frame93,-3.57,-5.12748,-4.349
out-namd-complex07-sw06,sw06,frame82,-4.25,-5.98163,-5.116
out-namd-complex07-sw06,sw06,frame94,-3.81,-4.98835,-4.399
out-namd-complex07-sw06,sw06,frame146,-3.02,-4.86106,-3.941
out-namd-complex07-sw06,sw06,frame76,-3.14,-4.9477,-4.044
out-namd-complex07-sw06,sw06,frame197,-4.03,-4.91003,-4.47
out-namd-complex07-sw06,sw06,frame31,-5.41,-4.84425,-5.127
out-namd-complex07-sw06,sw06,frame157,-0.55,-1.30112,-0.926
out-namd-complex07-sw06,sw06,frame92,-3.65,-4.95075,-4.3
out-namd-complex07-sw06,sw06,frame186,-3.9,-4.46989,-4.185
out-namd-complex07-sw06,sw06,frame75,-3.37,-4.60656,-3.988
out-namd-complex07-sw06,sw06,frame77,-3.23,-4.53069,-3.88
out-namd-complex07-sw06,sw06,frame103,-4.28,-5.67815,-4.979
out-namd-complex07-sw06,sw06,frame125,-4.73,-6.41792,-5.574
out-namd-complex07-sw06,sw06,frame136,-4.31,-5.0896,-4.7
out-namd-complex07-sw06,sw06,frame140,-5.17,-6.42295,-5.796
out-namd-complex07-sw06,sw06,frame80,-5.2,-5.92638,-5.563
out-namd-complex07-sw06,sw06,frame02,-3.36,-4.67634,-4.018
out-namd-complex07-sw06,sw06,frame29,-5.8,-6.8587,-6.329
out-namd-complex07-sw06,sw06,frame56,-4.8,-5.91839,-5.359
out-namd-complex07-sw06,sw06,frame95,-4.05,-4.20748,-4.129
out-namd-complex07-sw06,sw06,frame196,-4.02,-4.59881,-4.309
out-namd-complex07-sw06,sw06,frame155,-2.82,-4.10245,-3.461
out-namd-complex07-sw06,sw06,frame26,-2.65,-4.79138,-3.721
out-namd-complex07-sw06,sw06,frame195,-4.46,-5.41528,-4.938
out-namd-complex07-sw06,sw06,frame09,-4.5,-5.52335,-5.012
out-namd-complex07-sw06,sw06,frame148,-4.22,-4.4171,-4.319
out-namd-complex07-sw06,sw06,frame199,-3.68,-4.12548,-3.903
out-namd-complex07-sw06,sw06,frame81,-5.25,-6.02659,-5.638
out-namd-complex07-sw06,sw06,frame121,-5.59,-6.59918,-6.095
out-namd-complex07-sw06,sw06,frame17,-4.08,-5.81655,-4.948
out-namd-complex07-sw06,sw06,frame104,-3.78,-5.04784,-4.414
out-namd-complex07-sw06,sw06,frame24,-4.44,-5.89369,-5.167
out-namd-complex07-sw06,sw06,frame08,-4.43,-5.74156,-5.086
out-namd-complex07-sw06,sw06,frame58,-4.91,-5.4242,-5.167
out-namd-complex07-sw06,sw06,frame128,-5.1,-6.96313,-6.032
out-namd-complex07-sw06,sw06,frame198,-4.75,-4.3566,-4.553
out-namd-complex07-sw06,sw06,frame134,-4.98,-5.56797,-5.274
out-namd-complex07-sw06,sw06,frame06,-4.03,-5.17838,-4.604
out-namd-complex07-sw06,sw06,frame52,-4.85,-6.17502,-5.513
out-namd-complex07-sw06,sw06,frame109,-4.36,-5.98814,-5.174
out-namd-complex07-sw06,sw06,frame168,-4.1,-4.45262,-4.276
out-namd-complex07-sw06,sw06,frame05,-6.63,-6.32117,-6.476
out-namd-complex07-sw06,sw06,frame97,-4.73,-5.51084,-5.12
out-namd-complex07-sw06,sw06,frame53,-5.15,-5.81367,-5.482
out-namd-complex07-sw06,sw06,frame181,-3.42,-4.42238,-3.921
out-namd-complex07-sw06,sw06,frame59,-4.7,-4.94238,-4.821
out-namd-complex07-sw06,sw06,frame176,-3.01,-4.11099,-3.56
out-namd-complex07-sw06,sw06,frame37,-5.42,-6.45417,-5.937
out-namd-complex07-sw06,sw06,frame151,-2.2,-3.29233,-2.746
out-namd-complex07-sw06,sw06,frame42,-5.81,-5.56799,-5.689
out-namd-complex07-sw06,sw06,frame86,-5.17,-6.36667,-5.768
out-namd-complex07-sw06,sw06,frame38,-5.87,-6.25714,-6.064
out-namd-complex07-sw06,sw06,frame57,-5.41,-6.54044,-5.975
out-namd-complex07-sw06,sw06,frame105,-3.88,-4.3721,-4.126
out-namd-complex07-sw06,sw06,frame130,-5.05,-6.38136,-5.716
out-namd-complex07-sw06,sw06,frame54,-4.11,-3.77642,-3.943
out-namd-complex07-sw06,sw06,frame10,-5.82,-6.43839,-6.129
out-namd-complex07-sw06,sw06,frame171,-2.24,-3.31347,-2.777
out-namd-complex07-sw06,sw06,frame88,-4.34,-5.12059,-4.73
out-namd-complex07-sw06,sw06,frame99,-4.68,-5.98643,-5.333
out-namd-complex07-sw06,sw06,frame141,-4.1,-5.00535,-4.553
out-namd-complex07-sw06,sw06,frame90,-4.69,-6.37404,-5.532
out-namd-complex07-sw06,sw06,frame41,-4.74,-6.10589,-5.423
out-namd-complex07-sw06,sw06,frame15,-5.14,-6.32061,-5.73
out-namd-complex07-sw06,sw06,frame69,-3.56,-5.27202,-4.416
out-namd-complex07-sw06,sw06,frame84,-4.21,-4.66469,-4.437
out-namd-complex07-sw06,sw06,frame180,-3.25,-3.46515,-3.358
out-namd-complex07-sw06,sw06,frame65,-4.12,-5.56671,-4.843
out-namd-complex07-sw06,sw06,frame170,-3.47,-4.4567,-3.963
out-namd-complex07-sw06,sw06,frame189,-2.69,-3.97449,-3.332
out-namd-complex07-sw06,sw06,frame101,-4.33,-5.42058,-4.875
out-namd-complex07-sw06,sw06,frame11,-4.5,-5.57997,-5.04
out-namd-complex07-sw06,sw06,frame137,-3.4,-4.59897,-3.999
out-namd-complex07-sw06,sw06,frame43,-4.18,-5.60608,-4.893
out-namd-complex07-sw06,sw06,frame127,-4.68,-5.78172,-5.231
out-namd-complex07-sw06,sw06,frame122,-5.06,-6.28839,-5.674
out-namd-complex07-sw06,sw06,frame40,-3.96,-5.25027,-4.605
out-namd-complex07-sw06,sw06,frame49,-4.31,-6.08936,-5.2
out-namd-complex07-sw06,sw06,frame33,-5.0,-4.50575,-4.753
out-namd-complex07-sw06,sw06,frame25,-3.0,-4.1585,-3.579
out-namd-complex07-sw06,sw06,frame60,-4.39,-5.49397,-4.942
out-namd-complex07-sw06,sw06,frame39,-3.53,-5.04296,-4.286
out-namd-complex07-sw06,sw06,frame152,-1.53,-3.07412,-2.302
out-namd-complex07-sw06,sw06,frame145,-4.34,-5.34755,-4.844
out-namd-complex07-sw06,sw06,frame44,-5.06,-5.12926,-5.095
out-namd-complex07-sw06,sw06,frame35,-4.1,-5.10367,-4.602
out-namd-complex07-sw06,sw06,frame63,-3.45,-4.62405,-4.037
out-namd-complex07-sw06,sw06,frame142,-5.33,-5.74485,-5.537
out-namd-complex07-sw06,sw06,frame164,-2.36,-3.63439,-2.997
out-namd-complex07-sw06,sw06,frame89,-3.54,-5.30113,-4.421
out-namd-complex07-sw06,sw06,frame07,-4.53,-5.33741,-4.934
out-namd-complex07-sw06,sw06,frame00,-4.0,-4.25375,-4.127
out-namd-complex07-sw06,sw06,frame67,-4.19,-5.25895,-4.724
out-namd-complex07-sw06,sw06,frame107,-3.1,-4.29938,-3.7
out-namd-complex07-sw06,sw06,frame183,-4.5,-5.48297,-4.991
out-namd-complex07-sw06,sw06,frame100,-4.43,-5.28033,-4.855
out-namd-complex07-sw06,sw06,frame159,-0.9,-1.89752,-1.399
out-namd-complex07-sw06,sw06,frame182,-3.61,-4.51874,-4.064
out-namd-complex07-sw06,sw06,frame22,-4.72,-5.80235,-5.261
out-namd-complex07-sw06,sw06,frame162,-2.04,-2.62565,-2.333
out-namd-complex07-sw06,sw06,frame131,-5.44,-6.83196,-6.136
out-namd-complex07-sw06,sw06,frame30,-5.88,-5.45305,-5.667
out-namd-complex07-sw06,sw06,frame154,-2.46,-4.30951,-3.385
out-namd-complex07-sw06,sw06,frame174,-2.61,-3.79303,-3.202
out-namd-complex07-sw06,sw06,frame119,-4.25,-6.01276,-5.131
out-namd-complex07-sw06,sw06,frame36,-5.37,-5.9709,-5.67
out-namd-complex07-sw06,sw06,frame110,-4.43,-5.54687,-4.988
out-namd-complex07-sw06,sw06,frame91,-4.51,-5.51508,-5.013
out-namd-complex07-sw06,sw06,frame62,-4.79,-5.58804,-5.189
out-namd-complex07-sw06,sw06,frame21,-3.78,-5.54017,-4.66
out-namd-complex07-sw06,sw06,frame01,-3.59,-4.95429,-4.272
out-namd-complex07-sw06,sw06,frame50,-5.24,-5.99318,-5.617
out-namd-complex07-sw06,sw06,frame34,-4.78,-4.95732,-4.869
out-namd-complex07-sw06,sw06,frame04,-3.49,-4.80819,-4.149
out-namd-complex07-sw06,sw06,frame112,-3.59,-4.92063,-4.255
out-namd-complex07-sw06,sw06,frame111,-3.53,-4.55885,-4.044
out-namd-complex07-sw06,sw06,frame115,-5.3,-5.99458,-5.647
out-namd-complex07-sw06,sw06,frame68,-4.81,-5.85556,-5.333
out-namd-complex07-sw06,sw06,frame190,-2.63,-4.05505,-3.343
out-namd-complex07-sw06,sw06,frame156,-1.56,-2.52938,-2.045
out-namd-complex07-sw06,sw06,frame23,-4.55,-6.09519,-5.323
out-namd-complex07-sw06,sw06,frame32,-4.35,-5.55,-4.95
out-namd-complex07-sw06,sw06,frame78,-3.26,-4.40537,-3.833
out-namd-complex07-sw06,sw06,frame169,-3.17,-3.84556,-3.508
out-namd-complex07-sw06,sw06,frame96,-3.75,-5.04926,-4.4
out-namd-complex07-sw06,sw06,frame139,-4.22,-4.57314,-4.397
out-namd-complex07-sw06,sw06,frame143,-4.48,-5.77669,-5.128
out-namd-complex07-sw06,sw06,frame187,-3.6,-4.59247,-4.096
out-namd-complex07-sw06,sw06,frame165,-2.63,-3.80314,-3.217
out-namd-complex07-sw06,sw06,frame55,-4.38,-5.57397,-4.977
out-namd-complex07-sw06,sw06,frame73,-4.14,-5.0237,-4.582
out-namd-complex07-sw06,sw06,frame20,-4.81,-4.90655,-4.858
out-namd-complex07-sw06,sw06,frame83,-4.81,-6.08191,-5.446
out-namd-complex07-sw06,sw06,frame191,-3.11,-3.91295,-3.511
out-namd-complex07-sw06,sw06,frame13,-4.54,-6.04374,-5.292
out-namd-complex07-sw06,sw06,frame79,-3.61,-4.81667,-4.213
out-namd-complex07-sw06,sw06,frame114,-5.61,-6.48606,-6.048
out-namd-complex07-sw06,sw06,frame47,-4.06,-5.58226,-4.821
out-namd-complex07-sw06,sw06,frame28,-4.07,-5.59748,-4.834
out-namd-complex07-sw06,sw06,frame66,-3.2,-5.53428,-4.367
out-namd-complex07-sw06,sw06,frame27,-4.49,-5.54635,-5.018
out-namd-complex07-sw06,sw06,frame132,-4.86,-6.31351,-5.587
out-namd-complex07-sw06,sw06,frame98,-4.83,-5.83067,-5.33
out-namd-complex07-sw06,sw06,frame129,-4.94,-6.25765,-5.599
out-namd-complex07-sw06,sw06,frame106,-4.58,-6.3403,-5.46
out-namd-complex07-sw06,sw06,frame48,-3.97,-5.60672,-4.788
out-namd-complex07-sw06,sw06,frame194,-4.19,-4.58534,-4.388
out-namd-complex07-sw06,sw06,frame158,-0.86,-1.99097,-1.425
out-namd-complex07-sw06,sw06,frame188,-4.15,-5.23418,-4.692
out-namd-complex07-sw06,sw06,frame45,-5.08,-5.98232,-5.531
out-namd-complex07-sw06,sw06,frame12,-4.98,-6.27037,-5.625
out-namd-complex07-sw06,sw06,frame163,-1.87,-3.4228,-2.646
out-namd-complex07-sw06,sw06,frame116,-4.86,-5.93117,-5.396
out-namd-complex07-sw06,sw06,frame160,-1.6,-2.80386,-2.202
out-namd-complex07-sw06,sw06,frame124,-5.09,-5.94249,-5.516
out-namd-complex07-sw06,sw06,frame153,-1.83,-3.20906,-2.52
out-namd-complex07-sw06,sw06,frame118,-3.86,-5.19274,-4.526
out-namd-complex07-sw06,sw06,frame193,-4.11,-4.66313,-4.387
out-namd-complex07-sw06,sw06,frame123,-4.62,-5.73819,-5.179
out-namd-complex07-sw06,sw06,frame178,-2.17,-4.08548,-3.128
out-namd-complex07-sw06,sw06,frame177,-2.63,-4.32489,-3.477
out-namd-complex07-sw06,sw06,frame117,-4.38,-5.6858,-5.033
out-namd-complex07-sw06,sw06,frame161,-2.49,-3.42868,-2.959
out-namd-complex07-sw06,sw06,frame71,-4.57,-5.85762,-5.214
out-namd-complex07-sw06,sw06,frame150,-3.46,-4.14675,-3.803
out-namd-complex07-sw06,sw06,frame74,-3.49,-4.7103,-4.1
out-namd-complex07-sw06,sw06,frame14,-4.04,-5.2141,-4.627
out-namd-complex07-sw06,sw06,frame192,-4.18,-5.35888,-4.769
out-namd-complex07-sw06,sw06,frame64,-5.09,-6.81667,-5.953
out-namd-complex07-sw06,sw06,frame167,-3.58,-4.36932,-3.975
out-namd-complex07-sw06,sw06,frame166,-2.17,-3.38328,-2.777
out-namd-complex07-sw06,sw06,frame03,-5.21,-6.20199,-5.706
out-namd-complex07-sw06,sw06,frame72,-3.75,-5.17893,-4.464
out-namd-complex07-sw06,sw06,frame175,-4.31,-4.32669,-4.318
out-namd-complex07-sw06,sw06,frame16,-3.87,-5.6686,-4.769
out-namd-complex07-sw06,sw06,frame179,-1.6,-3.29566,-2.448
out-namd-complex07-sw06,sw06,frame19,-3.75,-5.09377,-4.422
out-namd-complex07-sw06,sw06,frame102,-3.33,-5.31563,-4.323
out-namd-complex07-sw06,sw06,frame85,-4.79,-6.50856,-5.649
out-namd-complex07-sw06,sw06,frame126,-4.4,-5.22986,-4.815
out-namd-complex07-sw06,sw06,frame87,-3.81,-5.30731,-4.559
out-namd-complex07-sw06,sw06,frame138,-4.56,-5.33999,-4.95
out-namd-complex07-sw06,sw06,frame120,-4.23,-6.07285,-5.151
out-namd-complex07-sw06,sw06,frame133,-4.43,-5.63247,-5.031