Frame,residue,interaction,value
116,MET1,Hydrophobic,True
117,MET1,Hydrophobic,True
118,MET1,Hydrophobic,True
39,ASN128,Hydrophobic,True
40,ASN128,Hydrophobic,True
41,ASN128,Hydrophobic,True
42,ASN128,Hydrophobic,True
43,ASN128,Hydrophobic,True
46,ASN128,Hydrophobic,True
47,ASN128,Hydrophobic,True
48,ASN128,Hydrophobic,True
49,ASN128,Hydrophobic,True
50,ASN128,Hydrophobic,True
52,ASN128,Hydrophobic,True
53,ASN128,Hydrophobic,True
54,ASN128,Hydrophobic,True
55,ASN128,Hydrophobic,True
57,ASN128,Hydrophobic,True
58,ASN128,Hydrophobic,True
59,ASN128,Hydrophobic,True
60,ASN128,Hydrophobic,True
61,ASN128,Hydrophobic,True
62,ASN128,Hydrophobic,True
63,ASN128,Hydrophobic,True
65,ASN128,Hydrophobic,True
67,ASN128,Hydrophobic,True
68,ASN128,Hydrophobic,True
69,ASN128,Hydrophobic,True
71,ASN128,Hydrophobic,True
72,ASN128,Hydrophobic,True
73,ASN128,Hydrophobic,True
75,ASN128,Hydrophobic,True
77,ASN128,Hydrophobic,True
78,ASN128,Hydrophobic,True
79,ASN128,Hydrophobic,True
80,ASN128,Hydrophobic,True
81,ASN128,Hydrophobic,True
82,ASN128,Hydrophobic,True
83,ASN128,Hydrophobic,True
84,ASN128,Hydrophobic,True
85,ASN128,Hydrophobic,True
86,ASN128,Hydrophobic,True
87,ASN128,Hydrophobic,True
235,ASN128,Hydrophobic,True
277,ASN128,Hydrophobic,True
278,ASN128,Hydrophobic,True
279,ASN128,Hydrophobic,True
283,ASN128,Hydrophobic,True
11,ASN128,HBDonor,True
25,ASN128,HBDonor,True
37,ASN128,HBDonor,True
136,ASN128,HBDonor,True
186,ASN128,HBDonor,True
195,ASN128,HBDonor,True
197,ASN128,HBDonor,True
207,ASN128,HBDonor,True
210,ASN128,HBDonor,True
241,ASN128,HBDonor,True
248,ASN128,HBDonor,True
283,ASN128,HBDonor,True
46,ASN128,HBAcceptor,True
47,ASN128,HBAcceptor,True
48,ASN128,HBAcceptor,True
55,ASN128,HBAcceptor,True
58,ASN128,HBAcceptor,True
61,ASN128,HBAcceptor,True
62,ASN128,HBAcceptor,True
63,ASN128,HBAcceptor,True
137,ASN128,HBAcceptor,True
138,ASN128,HBAcceptor,True
140,ASN128,HBAcceptor,True
143,ASN128,HBAcceptor,True
144,ASN128,HBAcceptor,True
146,ASN128,HBAcceptor,True
149,ASN128,HBAcceptor,True
150,ASN128,HBAcceptor,True
158,ASN128,HBAcceptor,True
250,ASN128,HBAcceptor,True
271,ASN128,HBAcceptor,True
272,ASN128,HBAcceptor,True
10,PHE131,Hydrophobic,True
20,PHE131,Hydrophobic,True
21,PHE131,Hydrophobic,True
22,PHE131,Hydrophobic,True
23,PHE131,Hydrophobic,True
24,PHE131,Hydrophobic,True
25,PHE131,Hydrophobic,True
26,PHE131,Hydrophobic,True
27,PHE131,Hydrophobic,True
28,PHE131,Hydrophobic,True
29,PHE131,Hydrophobic,True
30,PHE131,Hydrophobic,True
31,PHE131,Hydrophobic,True
33,PHE131,Hydrophobic,True
34,PHE131,Hydrophobic,True
35,PHE131,Hydrophobic,True
36,PHE131,Hydrophobic,True
38,PHE131,Hydrophobic,True
39,PHE131,Hydrophobic,True
40,PHE131,Hydrophobic,True
41,PHE131,Hydrophobic,True
42,PHE131,Hydrophobic,True
43,PHE131,Hydrophobic,True
45,PHE131,Hydrophobic,True
46,PHE131,Hydrophobic,True
47,PHE131,Hydrophobic,True
48,PHE131,Hydrophobic,True
49,PHE131,Hydrophobic,True
50,PHE131,Hydrophobic,True
51,PHE131,Hydrophobic,True
52,PHE131,Hydrophobic,True
53,PHE131,Hydrophobic,True
54,PHE131,Hydrophobic,True
55,PHE131,Hydrophobic,True
56,PHE131,Hydrophobic,True
57,PHE131,Hydrophobic,True
58,PHE131,Hydrophobic,True
59,PHE131,Hydrophobic,True
60,PHE131,Hydrophobic,True
61,PHE131,Hydrophobic,True
62,PHE131,Hydrophobic,True
63,PHE131,Hydrophobic,True
64,PHE131,Hydrophobic,True
65,PHE131,Hydrophobic,True
66,PHE131,Hydrophobic,True
67,PHE131,Hydrophobic,True
68,PHE131,Hydrophobic,True
69,PHE131,Hydrophobic,True
70,PHE131,Hydrophobic,True
71,PHE131,Hydrophobic,True
72,PHE131,Hydrophobic,True
73,PHE131,Hydrophobic,True
74,PHE131,Hydrophobic,True
75,PHE131,Hydrophobic,True
76,PHE131,Hydrophobic,True
77,PHE131,Hydrophobic,True
78,PHE131,Hydrophobic,True
79,PHE131,Hydrophobic,True
80,PHE131,Hydrophobic,True
81,PHE131,Hydrophobic,True
82,PHE131,Hydrophobic,True
83,PHE131,Hydrophobic,True
84,PHE131,Hydrophobic,True
85,PHE131,Hydrophobic,True
86,PHE131,Hydrophobic,True
87,PHE131,Hydrophobic,True
88,PHE131,Hydrophobic,True
136,PHE131,Hydrophobic,True
137,PHE131,Hydrophobic,True
138,PHE131,Hydrophobic,True
139,PHE131,Hydrophobic,True
140,PHE131,Hydrophobic,True
141,PHE131,Hydrophobic,True
142,PHE131,Hydrophobic,True
143,PHE131,Hydrophobic,True
144,PHE131,Hydrophobic,True
146,PHE131,Hydrophobic,True
148,PHE131,Hydrophobic,True
149,PHE131,Hydrophobic,True
150,PHE131,Hydrophobic,True
153,PHE131,Hydrophobic,True
155,PHE131,Hydrophobic,True
156,PHE131,Hydrophobic,True
157,PHE131,Hydrophobic,True
158,PHE131,Hydrophobic,True
159,PHE131,Hydrophobic,True
160,PHE131,Hydrophobic,True
161,PHE131,Hydrophobic,True
162,PHE131,Hydrophobic,True
163,PHE131,Hydrophobic,True
164,PHE131,Hydrophobic,True
165,PHE131,Hydrophobic,True
166,PHE131,Hydrophobic,True
167,PHE131,Hydrophobic,True
168,PHE131,Hydrophobic,True
169,PHE131,Hydrophobic,True
170,PHE131,Hydrophobic,True
171,PHE131,Hydrophobic,True
172,PHE131,Hydrophobic,True
173,PHE131,Hydrophobic,True
174,PHE131,Hydrophobic,True
176,PHE131,Hydrophobic,True
177,PHE131,Hydrophobic,True
178,PHE131,Hydrophobic,True
179,PHE131,Hydrophobic,True
180,PHE131,Hydrophobic,True
181,PHE131,Hydrophobic,True
182,PHE131,Hydrophobic,True
183,PHE131,Hydrophobic,True
184,PHE131,Hydrophobic,True
185,PHE131,Hydrophobic,True
186,PHE131,Hydrophobic,True
187,PHE131,Hydrophobic,True
189,PHE131,Hydrophobic,True
190,PHE131,Hydrophobic,True
192,PHE131,Hydrophobic,True
193,PHE131,Hydrophobic,True
194,PHE131,Hydrophobic,True
195,PHE131,Hydrophobic,True
196,PHE131,Hydrophobic,True
197,PHE131,Hydrophobic,True
198,PHE131,Hydrophobic,True
199,PHE131,Hydrophobic,True
200,PHE131,Hydrophobic,True
201,PHE131,Hydrophobic,True
203,PHE131,Hydrophobic,True
204,PHE131,Hydrophobic,True
205,PHE131,Hydrophobic,True
206,PHE131,Hydrophobic,True
207,PHE131,Hydrophobic,True
208,PHE131,Hydrophobic,True
209,PHE131,Hydrophobic,True
210,PHE131,Hydrophobic,True
211,PHE131,Hydrophobic,True
212,PHE131,Hydrophobic,True
214,PHE131,Hydrophobic,True
215,PHE131,Hydrophobic,True
216,PHE131,Hydrophobic,True
217,PHE131,Hydrophobic,True
218,PHE131,Hydrophobic,True
219,PHE131,Hydrophobic,True
220,PHE131,Hydrophobic,True
221,PHE131,Hydrophobic,True
222,PHE131,Hydrophobic,True
223,PHE131,Hydrophobic,True
224,PHE131,Hydrophobic,True
225,PHE131,Hydrophobic,True
226,PHE131,Hydrophobic,True
228,PHE131,Hydrophobic,True
229,PHE131,Hydrophobic,True
230,PHE131,Hydrophobic,True
231,PHE131,Hydrophobic,True
233,PHE131,Hydrophobic,True
234,PHE131,Hydrophobic,True
235,PHE131,Hydrophobic,True
236,PHE131,Hydrophobic,True
237,PHE131,Hydrophobic,True
238,PHE131,Hydrophobic,True
239,PHE131,Hydrophobic,True
240,PHE131,Hydrophobic,True
241,PHE131,Hydrophobic,True
242,PHE131,Hydrophobic,True
243,PHE131,Hydrophobic,True
244,PHE131,Hydrophobic,True
245,PHE131,Hydrophobic,True
246,PHE131,Hydrophobic,True
247,PHE131,Hydrophobic,True
248,PHE131,Hydrophobic,True
249,PHE131,Hydrophobic,True
250,PHE131,Hydrophobic,True
266,PHE131,Hydrophobic,True
267,PHE131,Hydrophobic,True
268,PHE131,Hydrophobic,True
270,PHE131,Hydrophobic,True
271,PHE131,Hydrophobic,True
272,PHE131,Hydrophobic,True
279,PHE131,Hydrophobic,True
283,PHE131,Hydrophobic,True
284,PHE131,Hydrophobic,True
287,PHE131,Hydrophobic,True
288,PHE131,Hydrophobic,True
303,PHE131,Hydrophobic,True
306,PHE131,Hydrophobic,True
307,PHE131,Hydrophobic,True
340,PHE131,Hydrophobic,True
341,PHE131,Hydrophobic,True
343,PHE131,Hydrophobic,True
38,PHE131,HBDonor,True
190,PHE131,HBDonor,True
204,PHE131,HBDonor,True
288,PHE131,HBDonor,True
22,PHE131,PiStacking,True
138,PHE131,PiStacking,True
271,PHE131,PiStacking,True
39,ARG132,Hydrophobic,True
40,ARG132,Hydrophobic,True
41,ARG132,Hydrophobic,True
42,ARG132,Hydrophobic,True
43,ARG132,Hydrophobic,True
44,ARG132,Hydrophobic,True
45,ARG132,Hydrophobic,True
46,ARG132,Hydrophobic,True
47,ARG132,Hydrophobic,True
48,ARG132,Hydrophobic,True
49,ARG132,Hydrophobic,True
50,ARG132,Hydrophobic,True
51,ARG132,Hydrophobic,True
52,ARG132,Hydrophobic,True
53,ARG132,Hydrophobic,True
54,ARG132,Hydrophobic,True
55,ARG132,Hydrophobic,True
56,ARG132,Hydrophobic,True
57,ARG132,Hydrophobic,True
58,ARG132,Hydrophobic,True
59,ARG132,Hydrophobic,True
60,ARG132,Hydrophobic,True
61,ARG132,Hydrophobic,True
62,ARG132,Hydrophobic,True
63,ARG132,Hydrophobic,True
64,ARG132,Hydrophobic,True
65,ARG132,Hydrophobic,True
66,ARG132,Hydrophobic,True
67,ARG132,Hydrophobic,True
68,ARG132,Hydrophobic,True
69,ARG132,Hydrophobic,True
70,ARG132,Hydrophobic,True
71,ARG132,Hydrophobic,True
72,ARG132,Hydrophobic,True
73,ARG132,Hydrophobic,True
74,ARG132,Hydrophobic,True
75,ARG132,Hydrophobic,True
76,ARG132,Hydrophobic,True
77,ARG132,Hydrophobic,True
78,ARG132,Hydrophobic,True
79,ARG132,Hydrophobic,True
80,ARG132,Hydrophobic,True
81,ARG132,Hydrophobic,True
82,ARG132,Hydrophobic,True
83,ARG132,Hydrophobic,True
84,ARG132,Hydrophobic,True
85,ARG132,Hydrophobic,True
86,ARG132,Hydrophobic,True
87,ARG132,Hydrophobic,True
88,ARG132,Hydrophobic,True
278,ARG132,Hydrophobic,True
42,ARG132,HBAcceptor,True
43,ARG132,HBAcceptor,True
45,ARG132,HBAcceptor,True
46,ARG132,HBAcceptor,True
47,ARG132,HBAcceptor,True
48,ARG132,HBAcceptor,True
49,ARG132,HBAcceptor,True
50,ARG132,HBAcceptor,True
51,ARG132,HBAcceptor,True
52,ARG132,HBAcceptor,True
53,ARG132,HBAcceptor,True
54,ARG132,HBAcceptor,True
55,ARG132,HBAcceptor,True
56,ARG132,HBAcceptor,True
57,ARG132,HBAcceptor,True
58,ARG132,HBAcceptor,True
59,ARG132,HBAcceptor,True
60,ARG132,HBAcceptor,True
61,ARG132,HBAcceptor,True
62,ARG132,HBAcceptor,True
63,ARG132,HBAcceptor,True
64,ARG132,HBAcceptor,True
65,ARG132,HBAcceptor,True
66,ARG132,HBAcceptor,True
67,ARG132,HBAcceptor,True
68,ARG132,HBAcceptor,True
69,ARG132,HBAcceptor,True
71,ARG132,HBAcceptor,True
72,ARG132,HBAcceptor,True
74,ARG132,HBAcceptor,True
75,ARG132,HBAcceptor,True
76,ARG132,HBAcceptor,True
77,ARG132,HBAcceptor,True
78,ARG132,HBAcceptor,True
79,ARG132,HBAcceptor,True
80,ARG132,HBAcceptor,True
81,ARG132,HBAcceptor,True
82,ARG132,HBAcceptor,True
83,ARG132,HBAcceptor,True
84,ARG132,HBAcceptor,True
85,ARG132,HBAcceptor,True
86,ARG132,HBAcceptor,True
87,ARG132,HBAcceptor,True
88,ARG132,HBAcceptor,True
129,ASP133,Hydrophobic,True
17,GLY134,Hydrophobic,True
18,GLY134,Hydrophobic,True
19,GLY134,Hydrophobic,True
20,GLY134,Hydrophobic,True
21,GLY134,Hydrophobic,True
22,GLY134,Hydrophobic,True
23,GLY134,Hydrophobic,True
24,GLY134,Hydrophobic,True
25,GLY134,Hydrophobic,True
26,GLY134,Hydrophobic,True
27,GLY134,Hydrophobic,True
28,GLY134,Hydrophobic,True
30,GLY134,Hydrophobic,True
31,GLY134,Hydrophobic,True
33,GLY134,Hydrophobic,True
34,GLY134,Hydrophobic,True
35,GLY134,Hydrophobic,True
36,GLY134,Hydrophobic,True
38,GLY134,Hydrophobic,True
39,GLY134,Hydrophobic,True
40,GLY134,Hydrophobic,True
41,GLY134,Hydrophobic,True
42,GLY134,Hydrophobic,True
43,GLY134,Hydrophobic,True
44,GLY134,Hydrophobic,True
45,GLY134,Hydrophobic,True
46,GLY134,Hydrophobic,True
47,GLY134,Hydrophobic,True
48,GLY134,Hydrophobic,True
49,GLY134,Hydrophobic,True
50,GLY134,Hydrophobic,True
51,GLY134,Hydrophobic,True
52,GLY134,Hydrophobic,True
53,GLY134,Hydrophobic,True
54,GLY134,Hydrophobic,True
56,GLY134,Hydrophobic,True
57,GLY134,Hydrophobic,True
58,GLY134,Hydrophobic,True
59,GLY134,Hydrophobic,True
60,GLY134,Hydrophobic,True
61,GLY134,Hydrophobic,True
62,GLY134,Hydrophobic,True
63,GLY134,Hydrophobic,True
64,GLY134,Hydrophobic,True
66,GLY134,Hydrophobic,True
67,GLY134,Hydrophobic,True
68,GLY134,Hydrophobic,True
69,GLY134,Hydrophobic,True
70,GLY134,Hydrophobic,True
71,GLY134,Hydrophobic,True
72,GLY134,Hydrophobic,True
73,GLY134,Hydrophobic,True
74,GLY134,Hydrophobic,True
75,GLY134,Hydrophobic,True
76,GLY134,Hydrophobic,True
77,GLY134,Hydrophobic,True
78,GLY134,Hydrophobic,True
79,GLY134,Hydrophobic,True
80,GLY134,Hydrophobic,True
82,GLY134,Hydrophobic,True
83,GLY134,Hydrophobic,True
84,GLY134,Hydrophobic,True
85,GLY134,Hydrophobic,True
86,GLY134,Hydrophobic,True
87,GLY134,Hydrophobic,True
88,GLY134,Hydrophobic,True
89,GLY134,Hydrophobic,True
90,GLY134,Hydrophobic,True
91,GLY134,Hydrophobic,True
92,GLY134,Hydrophobic,True
93,GLY134,Hydrophobic,True
95,GLY134,Hydrophobic,True
98,GLY134,Hydrophobic,True
99,GLY134,Hydrophobic,True
101,GLY134,Hydrophobic,True
102,GLY134,Hydrophobic,True
103,GLY134,Hydrophobic,True
104,GLY134,Hydrophobic,True
105,GLY134,Hydrophobic,True
106,GLY134,Hydrophobic,True
125,GLY134,Hydrophobic,True
126,GLY134,Hydrophobic,True
127,GLY134,Hydrophobic,True
128,GLY134,Hydrophobic,True
129,GLY134,Hydrophobic,True
130,GLY134,Hydrophobic,True
131,GLY134,Hydrophobic,True
138,GLY134,Hydrophobic,True
143,GLY134,Hydrophobic,True
144,GLY134,Hydrophobic,True
156,GLY134,Hydrophobic,True
157,GLY134,Hydrophobic,True
158,GLY134,Hydrophobic,True
159,GLY134,Hydrophobic,True
160,GLY134,Hydrophobic,True
162,GLY134,Hydrophobic,True
163,GLY134,Hydrophobic,True
164,GLY134,Hydrophobic,True
165,GLY134,Hydrophobic,True
166,GLY134,Hydrophobic,True
167,GLY134,Hydrophobic,True
168,GLY134,Hydrophobic,True
169,GLY134,Hydrophobic,True
170,GLY134,Hydrophobic,True
171,GLY134,Hydrophobic,True
172,GLY134,Hydrophobic,True
173,GLY134,Hydrophobic,True
174,GLY134,Hydrophobic,True
175,GLY134,Hydrophobic,True
176,GLY134,Hydrophobic,True
177,GLY134,Hydrophobic,True
178,GLY134,Hydrophobic,True
179,GLY134,Hydrophobic,True
180,GLY134,Hydrophobic,True
183,GLY134,Hydrophobic,True
184,GLY134,Hydrophobic,True
185,GLY134,Hydrophobic,True
186,GLY134,Hydrophobic,True
187,GLY134,Hydrophobic,True
189,GLY134,Hydrophobic,True
190,GLY134,Hydrophobic,True
193,GLY134,Hydrophobic,True
194,GLY134,Hydrophobic,True
195,GLY134,Hydrophobic,True
196,GLY134,Hydrophobic,True
197,GLY134,Hydrophobic,True
198,GLY134,Hydrophobic,True
199,GLY134,Hydrophobic,True
204,GLY134,Hydrophobic,True
205,GLY134,Hydrophobic,True
207,GLY134,Hydrophobic,True
208,GLY134,Hydrophobic,True
209,GLY134,Hydrophobic,True
210,GLY134,Hydrophobic,True
212,GLY134,Hydrophobic,True
214,GLY134,Hydrophobic,True
215,GLY134,Hydrophobic,True
219,GLY134,Hydrophobic,True
220,GLY134,Hydrophobic,True
221,GLY134,Hydrophobic,True
222,GLY134,Hydrophobic,True
223,GLY134,Hydrophobic,True
224,GLY134,Hydrophobic,True
225,GLY134,Hydrophobic,True
226,GLY134,Hydrophobic,True
230,GLY134,Hydrophobic,True
231,GLY134,Hydrophobic,True
235,GLY134,Hydrophobic,True
236,GLY134,Hydrophobic,True
237,GLY134,Hydrophobic,True
244,GLY134,Hydrophobic,True
247,GLY134,Hydrophobic,True
248,GLY134,Hydrophobic,True
249,GLY134,Hydrophobic,True
250,GLY134,Hydrophobic,True
266,GLY134,Hydrophobic,True
267,GLY134,Hydrophobic,True
268,GLY134,Hydrophobic,True
279,GLY134,Hydrophobic,True
283,GLY134,Hydrophobic,True
284,GLY134,Hydrophobic,True
287,GLY134,Hydrophobic,True
288,GLY134,Hydrophobic,True
289,GLY134,Hydrophobic,True
303,GLY134,Hydrophobic,True
306,GLY134,Hydrophobic,True
307,GLY134,Hydrophobic,True
341,GLY134,Hydrophobic,True
343,GLY134,Hydrophobic,True
90,GLY134,HBDonor,True
91,GLY134,HBDonor,True
93,GLY134,HBDonor,True
95,GLY134,HBDonor,True
96,GLY134,HBDonor,True
3,VAL135,Hydrophobic,True
7,VAL135,Hydrophobic,True
10,VAL135,Hydrophobic,True
11,VAL135,Hydrophobic,True
12,VAL135,Hydrophobic,True
13,VAL135,Hydrophobic,True
14,VAL135,Hydrophobic,True
17,VAL135,Hydrophobic,True
18,VAL135,Hydrophobic,True
19,VAL135,Hydrophobic,True
20,VAL135,Hydrophobic,True
21,VAL135,Hydrophobic,True
22,VAL135,Hydrophobic,True
23,VAL135,Hydrophobic,True
24,VAL135,Hydrophobic,True
25,VAL135,Hydrophobic,True
26,VAL135,Hydrophobic,True
27,VAL135,Hydrophobic,True
28,VAL135,Hydrophobic,True
29,VAL135,Hydrophobic,True
30,VAL135,Hydrophobic,True
31,VAL135,Hydrophobic,True
32,VAL135,Hydrophobic,True
33,VAL135,Hydrophobic,True
34,VAL135,Hydrophobic,True
35,VAL135,Hydrophobic,True
36,VAL135,Hydrophobic,True
38,VAL135,Hydrophobic,True
39,VAL135,Hydrophobic,True
40,VAL135,Hydrophobic,True
41,VAL135,Hydrophobic,True
42,VAL135,Hydrophobic,True
43,VAL135,Hydrophobic,True
44,VAL135,Hydrophobic,True
45,VAL135,Hydrophobic,True
46,VAL135,Hydrophobic,True
47,VAL135,Hydrophobic,True
48,VAL135,Hydrophobic,True
49,VAL135,Hydrophobic,True
50,VAL135,Hydrophobic,True
51,VAL135,Hydrophobic,True
52,VAL135,Hydrophobic,True
53,VAL135,Hydrophobic,True
54,VAL135,Hydrophobic,True
55,VAL135,Hydrophobic,True
56,VAL135,Hydrophobic,True
57,VAL135,Hydrophobic,True
58,VAL135,Hydrophobic,True
59,VAL135,Hydrophobic,True
60,VAL135,Hydrophobic,True
61,VAL135,Hydrophobic,True
62,VAL135,Hydrophobic,True
63,VAL135,Hydrophobic,True
65,VAL135,Hydrophobic,True
66,VAL135,Hydrophobic,True
67,VAL135,Hydrophobic,True
68,VAL135,Hydrophobic,True
69,VAL135,Hydrophobic,True
70,VAL135,Hydrophobic,True
71,VAL135,Hydrophobic,True
72,VAL135,Hydrophobic,True
73,VAL135,Hydrophobic,True
74,VAL135,Hydrophobic,True
75,VAL135,Hydrophobic,True
76,VAL135,Hydrophobic,True
77,VAL135,Hydrophobic,True
78,VAL135,Hydrophobic,True
79,VAL135,Hydrophobic,True
80,VAL135,Hydrophobic,True
81,VAL135,Hydrophobic,True
82,VAL135,Hydrophobic,True
83,VAL135,Hydrophobic,True
84,VAL135,Hydrophobic,True
85,VAL135,Hydrophobic,True
86,VAL135,Hydrophobic,True
87,VAL135,Hydrophobic,True
88,VAL135,Hydrophobic,True
89,VAL135,Hydrophobic,True
90,VAL135,Hydrophobic,True
91,VAL135,Hydrophobic,True
92,VAL135,Hydrophobic,True
93,VAL135,Hydrophobic,True
95,VAL135,Hydrophobic,True
96,VAL135,Hydrophobic,True
97,VAL135,Hydrophobic,True
98,VAL135,Hydrophobic,True
99,VAL135,Hydrophobic,True
100,VAL135,Hydrophobic,True
101,VAL135,Hydrophobic,True
102,VAL135,Hydrophobic,True
103,VAL135,Hydrophobic,True
104,VAL135,Hydrophobic,True
105,VAL135,Hydrophobic,True
106,VAL135,Hydrophobic,True
107,VAL135,Hydrophobic,True
125,VAL135,Hydrophobic,True
129,VAL135,Hydrophobic,True
130,VAL135,Hydrophobic,True
131,VAL135,Hydrophobic,True
135,VAL135,Hydrophobic,True
136,VAL135,Hydrophobic,True
137,VAL135,Hydrophobic,True
138,VAL135,Hydrophobic,True
139,VAL135,Hydrophobic,True
140,VAL135,Hydrophobic,True
141,VAL135,Hydrophobic,True
142,VAL135,Hydrophobic,True
143,VAL135,Hydrophobic,True
144,VAL135,Hydrophobic,True
148,VAL135,Hydrophobic,True
149,VAL135,Hydrophobic,True
150,VAL135,Hydrophobic,True
151,VAL135,Hydrophobic,True
152,VAL135,Hydrophobic,True
153,VAL135,Hydrophobic,True
155,VAL135,Hydrophobic,True
156,VAL135,Hydrophobic,True
157,VAL135,Hydrophobic,True
158,VAL135,Hydrophobic,True
159,VAL135,Hydrophobic,True
160,VAL135,Hydrophobic,True
161,VAL135,Hydrophobic,True
162,VAL135,Hydrophobic,True
163,VAL135,Hydrophobic,True
164,VAL135,Hydrophobic,True
165,VAL135,Hydrophobic,True
166,VAL135,Hydrophobic,True
167,VAL135,Hydrophobic,True
168,VAL135,Hydrophobic,True
169,VAL135,Hydrophobic,True
170,VAL135,Hydrophobic,True
171,VAL135,Hydrophobic,True
172,VAL135,Hydrophobic,True
173,VAL135,Hydrophobic,True
174,VAL135,Hydrophobic,True
175,VAL135,Hydrophobic,True
176,VAL135,Hydrophobic,True
177,VAL135,Hydrophobic,True
178,VAL135,Hydrophobic,True
179,VAL135,Hydrophobic,True
180,VAL135,Hydrophobic,True
181,VAL135,Hydrophobic,True
182,VAL135,Hydrophobic,True
183,VAL135,Hydrophobic,True
184,VAL135,Hydrophobic,True
185,VAL135,Hydrophobic,True
186,VAL135,Hydrophobic,True
187,VAL135,Hydrophobic,True
189,VAL135,Hydrophobic,True
190,VAL135,Hydrophobic,True
191,VAL135,Hydrophobic,True
192,VAL135,Hydrophobic,True
193,VAL135,Hydrophobic,True
194,VAL135,Hydrophobic,True
195,VAL135,Hydrophobic,True
196,VAL135,Hydrophobic,True
197,VAL135,Hydrophobic,True
198,VAL135,Hydrophobic,True
199,VAL135,Hydrophobic,True
200,VAL135,Hydrophobic,True
202,VAL135,Hydrophobic,True
203,VAL135,Hydrophobic,True
204,VAL135,Hydrophobic,True
205,VAL135,Hydrophobic,True
206,VAL135,Hydrophobic,True
207,VAL135,Hydrophobic,True
208,VAL135,Hydrophobic,True
209,VAL135,Hydrophobic,True
210,VAL135,Hydrophobic,True
211,VAL135,Hydrophobic,True
212,VAL135,Hydrophobic,True
213,VAL135,Hydrophobic,True
214,VAL135,Hydrophobic,True
215,VAL135,Hydrophobic,True
216,VAL135,Hydrophobic,True
217,VAL135,Hydrophobic,True
218,VAL135,Hydrophobic,True
219,VAL135,Hydrophobic,True
220,VAL135,Hydrophobic,True
221,VAL135,Hydrophobic,True
222,VAL135,Hydrophobic,True
223,VAL135,Hydrophobic,True
224,VAL135,Hydrophobic,True
225,VAL135,Hydrophobic,True
226,VAL135,Hydrophobic,True
227,VAL135,Hydrophobic,True
228,VAL135,Hydrophobic,True
229,VAL135,Hydrophobic,True
230,VAL135,Hydrophobic,True
231,VAL135,Hydrophobic,True
232,VAL135,Hydrophobic,True
233,VAL135,Hydrophobic,True
234,VAL135,Hydrophobic,True
235,VAL135,Hydrophobic,True
236,VAL135,Hydrophobic,True
237,VAL135,Hydrophobic,True
238,VAL135,Hydrophobic,True
239,VAL135,Hydrophobic,True
240,VAL135,Hydrophobic,True
241,VAL135,Hydrophobic,True
242,VAL135,Hydrophobic,True
243,VAL135,Hydrophobic,True
244,VAL135,Hydrophobic,True
245,VAL135,Hydrophobic,True
246,VAL135,Hydrophobic,True
247,VAL135,Hydrophobic,True
248,VAL135,Hydrophobic,True
249,VAL135,Hydrophobic,True
250,VAL135,Hydrophobic,True
266,VAL135,Hydrophobic,True
267,VAL135,Hydrophobic,True
268,VAL135,Hydrophobic,True
270,VAL135,Hydrophobic,True
271,VAL135,Hydrophobic,True
277,VAL135,Hydrophobic,True
278,VAL135,Hydrophobic,True
279,VAL135,Hydrophobic,True
283,VAL135,Hydrophobic,True
284,VAL135,Hydrophobic,True
287,VAL135,Hydrophobic,True
288,VAL135,Hydrophobic,True
289,VAL135,Hydrophobic,True
291,VAL135,Hydrophobic,True
296,VAL135,Hydrophobic,True
303,VAL135,Hydrophobic,True
306,VAL135,Hydrophobic,True
307,VAL135,Hydrophobic,True
340,VAL135,Hydrophobic,True
341,VAL135,Hydrophobic,True
343,VAL135,Hydrophobic,True
10,TYR173,Hydrophobic,True
20,TYR173,Hydrophobic,True
21,TYR173,Hydrophobic,True
22,TYR173,Hydrophobic,True
23,TYR173,Hydrophobic,True
27,TYR173,Hydrophobic,True
30,TYR173,Hydrophobic,True
32,TYR173,Hydrophobic,True
33,TYR173,Hydrophobic,True
36,TYR173,Hydrophobic,True
37,TYR173,Hydrophobic,True
137,TYR173,Hydrophobic,True
138,TYR173,Hydrophobic,True
139,TYR173,Hydrophobic,True
140,TYR173,Hydrophobic,True
141,TYR173,Hydrophobic,True
142,TYR173,Hydrophobic,True
148,TYR173,Hydrophobic,True
151,TYR173,Hydrophobic,True
152,TYR173,Hydrophobic,True
153,TYR173,Hydrophobic,True
154,TYR173,Hydrophobic,True
158,TYR173,Hydrophobic,True
160,TYR173,Hydrophobic,True
161,TYR173,Hydrophobic,True
167,TYR173,Hydrophobic,True
168,TYR173,Hydrophobic,True
174,TYR173,Hydrophobic,True
177,TYR173,Hydrophobic,True
180,TYR173,Hydrophobic,True
181,TYR173,Hydrophobic,True
183,TYR173,Hydrophobic,True
185,TYR173,Hydrophobic,True
187,TYR173,Hydrophobic,True
188,TYR173,Hydrophobic,True
192,TYR173,Hydrophobic,True
193,TYR173,Hydrophobic,True
194,TYR173,Hydrophobic,True
197,TYR173,Hydrophobic,True
202,TYR173,Hydrophobic,True
203,TYR173,Hydrophobic,True
205,TYR173,Hydrophobic,True
206,TYR173,Hydrophobic,True
210,TYR173,Hydrophobic,True
211,TYR173,Hydrophobic,True
212,TYR173,Hydrophobic,True
215,TYR173,Hydrophobic,True
216,TYR173,Hydrophobic,True
217,TYR173,Hydrophobic,True
219,TYR173,Hydrophobic,True
220,TYR173,Hydrophobic,True
221,TYR173,Hydrophobic,True
222,TYR173,Hydrophobic,True
223,TYR173,Hydrophobic,True
226,TYR173,Hydrophobic,True
228,TYR173,Hydrophobic,True
229,TYR173,Hydrophobic,True
231,TYR173,Hydrophobic,True
233,TYR173,Hydrophobic,True
238,TYR173,Hydrophobic,True
239,TYR173,Hydrophobic,True
240,TYR173,Hydrophobic,True
243,TYR173,Hydrophobic,True
244,TYR173,Hydrophobic,True
245,TYR173,Hydrophobic,True
247,TYR173,Hydrophobic,True
250,TYR173,Hydrophobic,True
266,TYR173,Hydrophobic,True
268,TYR173,Hydrophobic,True
271,TYR173,Hydrophobic,True
296,TYR173,Hydrophobic,True
341,TYR173,Hydrophobic,True
343,TYR173,Hydrophobic,True
10,TYR173,HBDonor,True
20,TYR173,HBDonor,True
21,TYR173,HBDonor,True
22,TYR173,HBDonor,True
23,TYR173,HBDonor,True
24,TYR173,HBDonor,True
26,TYR173,HBDonor,True
27,TYR173,HBDonor,True
28,TYR173,HBDonor,True
29,TYR173,HBDonor,True
30,TYR173,HBDonor,True
31,TYR173,HBDonor,True
32,TYR173,HBDonor,True
33,TYR173,HBDonor,True
34,TYR173,HBDonor,True
35,TYR173,HBDonor,True
36,TYR173,HBDonor,True
80,TYR173,HBDonor,True
137,TYR173,HBDonor,True
138,TYR173,HBDonor,True
139,TYR173,HBDonor,True
140,TYR173,HBDonor,True
141,TYR173,HBDonor,True
142,TYR173,HBDonor,True
143,TYR173,HBDonor,True
151,TYR173,HBDonor,True
152,TYR173,HBDonor,True
153,TYR173,HBDonor,True
156,TYR173,HBDonor,True
158,TYR173,HBDonor,True
160,TYR173,HBDonor,True
161,TYR173,HBDonor,True
163,TYR173,HBDonor,True
164,TYR173,HBDonor,True
165,TYR173,HBDonor,True
166,TYR173,HBDonor,True
167,TYR173,HBDonor,True
168,TYR173,HBDonor,True
169,TYR173,HBDonor,True
170,TYR173,HBDonor,True
171,TYR173,HBDonor,True
172,TYR173,HBDonor,True
173,TYR173,HBDonor,True
174,TYR173,HBDonor,True
177,TYR173,HBDonor,True
178,TYR173,HBDonor,True
180,TYR173,HBDonor,True
181,TYR173,HBDonor,True
182,TYR173,HBDonor,True
183,TYR173,HBDonor,True
185,TYR173,HBDonor,True
186,TYR173,HBDonor,True
187,TYR173,HBDonor,True
189,TYR173,HBDonor,True
192,TYR173,HBDonor,True
193,TYR173,HBDonor,True
194,TYR173,HBDonor,True
195,TYR173,HBDonor,True
197,TYR173,HBDonor,True
203,TYR173,HBDonor,True
205,TYR173,HBDonor,True
206,TYR173,HBDonor,True
210,TYR173,HBDonor,True
211,TYR173,HBDonor,True
212,TYR173,HBDonor,True
213,TYR173,HBDonor,True
215,TYR173,HBDonor,True
216,TYR173,HBDonor,True
217,TYR173,HBDonor,True
219,TYR173,HBDonor,True
220,TYR173,HBDonor,True
221,TYR173,HBDonor,True
222,TYR173,HBDonor,True
223,TYR173,HBDonor,True
226,TYR173,HBDonor,True
228,TYR173,HBDonor,True
229,TYR173,HBDonor,True
231,TYR173,HBDonor,True
233,TYR173,HBDonor,True
238,TYR173,HBDonor,True
240,TYR173,HBDonor,True
243,TYR173,HBDonor,True
244,TYR173,HBDonor,True
245,TYR173,HBDonor,True
249,TYR173,HBDonor,True
250,TYR173,HBDonor,True
266,TYR173,HBDonor,True
268,TYR173,HBDonor,True
270,TYR173,HBDonor,True
271,TYR173,HBDonor,True
291,TYR173,HBDonor,True
296,TYR173,HBDonor,True
303,TYR173,HBDonor,True
306,TYR173,HBDonor,True
341,TYR173,HBDonor,True
343,TYR173,HBDonor,True
148,TYR173,HBAcceptor,True
154,TYR173,HBAcceptor,True
15,ASP176,Hydrophobic,True
90,ASP176,Hydrophobic,True
91,ASP176,Hydrophobic,True
92,ASP176,Hydrophobic,True
108,ASP176,Hydrophobic,True
128,ASP176,Hydrophobic,True
108,ASP176,HBDonor,True
126,ASP176,HBDonor,True
128,ASP176,HBDonor,True
147,ASP176,HBDonor,True
0,HSD177,Hydrophobic,True
1,HSD177,Hydrophobic,True
2,HSD177,Hydrophobic,True
3,HSD177,Hydrophobic,True
4,HSD177,Hydrophobic,True
5,HSD177,Hydrophobic,True
6,HSD177,Hydrophobic,True
7,HSD177,Hydrophobic,True
8,HSD177,Hydrophobic,True
9,HSD177,Hydrophobic,True
10,HSD177,Hydrophobic,True
11,HSD177,Hydrophobic,True
12,HSD177,Hydrophobic,True
13,HSD177,Hydrophobic,True
14,HSD177,Hydrophobic,True
15,HSD177,Hydrophobic,True
16,HSD177,Hydrophobic,True
20,HSD177,Hydrophobic,True
21,HSD177,Hydrophobic,True
22,HSD177,Hydrophobic,True
24,HSD177,Hydrophobic,True
25,HSD177,Hydrophobic,True
27,HSD177,Hydrophobic,True
29,HSD177,Hydrophobic,True
30,HSD177,Hydrophobic,True
31,HSD177,Hydrophobic,True
32,HSD177,Hydrophobic,True
33,HSD177,Hydrophobic,True
34,HSD177,Hydrophobic,True
35,HSD177,Hydrophobic,True
36,HSD177,Hydrophobic,True
37,HSD177,Hydrophobic,True
41,HSD177,Hydrophobic,True
42,HSD177,Hydrophobic,True
43,HSD177,Hydrophobic,True
44,HSD177,Hydrophobic,True
45,HSD177,Hydrophobic,True
46,HSD177,Hydrophobic,True
47,HSD177,Hydrophobic,True
52,HSD177,Hydrophobic,True
53,HSD177,Hydrophobic,True
54,HSD177,Hydrophobic,True
55,HSD177,Hydrophobic,True
56,HSD177,Hydrophobic,True
58,HSD177,Hydrophobic,True
59,HSD177,Hydrophobic,True
60,HSD177,Hydrophobic,True
62,HSD177,Hydrophobic,True
63,HSD177,Hydrophobic,True
65,HSD177,Hydrophobic,True
66,HSD177,Hydrophobic,True
67,HSD177,Hydrophobic,True
68,HSD177,Hydrophobic,True
69,HSD177,Hydrophobic,True
70,HSD177,Hydrophobic,True
71,HSD177,Hydrophobic,True
72,HSD177,Hydrophobic,True
73,HSD177,Hydrophobic,True
74,HSD177,Hydrophobic,True
75,HSD177,Hydrophobic,True
76,HSD177,Hydrophobic,True
77,HSD177,Hydrophobic,True
78,HSD177,Hydrophobic,True
79,HSD177,Hydrophobic,True
80,HSD177,Hydrophobic,True
82,HSD177,Hydrophobic,True
83,HSD177,Hydrophobic,True
84,HSD177,Hydrophobic,True
85,HSD177,Hydrophobic,True
86,HSD177,Hydrophobic,True
87,HSD177,Hydrophobic,True
88,HSD177,Hydrophobic,True
89,HSD177,Hydrophobic,True
90,HSD177,Hydrophobic,True
91,HSD177,Hydrophobic,True
92,HSD177,Hydrophobic,True
93,HSD177,Hydrophobic,True
100,HSD177,Hydrophobic,True
102,HSD177,Hydrophobic,True
107,HSD177,Hydrophobic,True
126,HSD177,Hydrophobic,True
127,HSD177,Hydrophobic,True
128,HSD177,Hydrophobic,True
131,HSD177,Hydrophobic,True
135,HSD177,Hydrophobic,True
136,HSD177,Hydrophobic,True
137,HSD177,Hydrophobic,True
138,HSD177,Hydrophobic,True
139,HSD177,Hydrophobic,True
140,HSD177,Hydrophobic,True
141,HSD177,Hydrophobic,True
142,HSD177,Hydrophobic,True
143,HSD177,Hydrophobic,True
144,HSD177,Hydrophobic,True
145,HSD177,Hydrophobic,True
146,HSD177,Hydrophobic,True
147,HSD177,Hydrophobic,True
148,HSD177,Hydrophobic,True
149,HSD177,Hydrophobic,True
150,HSD177,Hydrophobic,True
151,HSD177,Hydrophobic,True
152,HSD177,Hydrophobic,True
153,HSD177,Hydrophobic,True
154,HSD177,Hydrophobic,True
155,HSD177,Hydrophobic,True
156,HSD177,Hydrophobic,True
158,HSD177,Hydrophobic,True
159,HSD177,Hydrophobic,True
160,HSD177,Hydrophobic,True
161,HSD177,Hydrophobic,True
162,HSD177,Hydrophobic,True
163,HSD177,Hydrophobic,True
164,HSD177,Hydrophobic,True
165,HSD177,Hydrophobic,True
166,HSD177,Hydrophobic,True
167,HSD177,Hydrophobic,True
168,HSD177,Hydrophobic,True
169,HSD177,Hydrophobic,True
170,HSD177,Hydrophobic,True
171,HSD177,Hydrophobic,True
173,HSD177,Hydrophobic,True
174,HSD177,Hydrophobic,True
177,HSD177,Hydrophobic,True
178,HSD177,Hydrophobic,True
179,HSD177,Hydrophobic,True
180,HSD177,Hydrophobic,True
181,HSD177,Hydrophobic,True
182,HSD177,Hydrophobic,True
183,HSD177,Hydrophobic,True
184,HSD177,Hydrophobic,True
185,HSD177,Hydrophobic,True
186,HSD177,Hydrophobic,True
187,HSD177,Hydrophobic,True
188,HSD177,Hydrophobic,True
189,HSD177,Hydrophobic,True
190,HSD177,Hydrophobic,True
191,HSD177,Hydrophobic,True
192,HSD177,Hydrophobic,True
193,HSD177,Hydrophobic,True
194,HSD177,Hydrophobic,True
195,HSD177,Hydrophobic,True
196,HSD177,Hydrophobic,True
197,HSD177,Hydrophobic,True
200,HSD177,Hydrophobic,True
201,HSD177,Hydrophobic,True
202,HSD177,Hydrophobic,True
203,HSD177,Hydrophobic,True
204,HSD177,Hydrophobic,True
205,HSD177,Hydrophobic,True
206,HSD177,Hydrophobic,True
207,HSD177,Hydrophobic,True
208,HSD177,Hydrophobic,True
209,HSD177,Hydrophobic,True
210,HSD177,Hydrophobic,True
211,HSD177,Hydrophobic,True
212,HSD177,Hydrophobic,True
213,HSD177,Hydrophobic,True
215,HSD177,Hydrophobic,True
216,HSD177,Hydrophobic,True
217,HSD177,Hydrophobic,True
218,HSD177,Hydrophobic,True
219,HSD177,Hydrophobic,True
220,HSD177,Hydrophobic,True
221,HSD177,Hydrophobic,True
222,HSD177,Hydrophobic,True
223,HSD177,Hydrophobic,True
225,HSD177,Hydrophobic,True
226,HSD177,Hydrophobic,True
227,HSD177,Hydrophobic,True
228,HSD177,Hydrophobic,True
229,HSD177,Hydrophobic,True
230,HSD177,Hydrophobic,True
231,HSD177,Hydrophobic,True
232,HSD177,Hydrophobic,True
233,HSD177,Hydrophobic,True
234,HSD177,Hydrophobic,True
236,HSD177,Hydrophobic,True
237,HSD177,Hydrophobic,True
238,HSD177,Hydrophobic,True
239,HSD177,Hydrophobic,True
240,HSD177,Hydrophobic,True
241,HSD177,Hydrophobic,True
242,HSD177,Hydrophobic,True
243,HSD177,Hydrophobic,True
244,HSD177,Hydrophobic,True
245,HSD177,Hydrophobic,True
246,HSD177,Hydrophobic,True
247,HSD177,Hydrophobic,True
248,HSD177,Hydrophobic,True
249,HSD177,Hydrophobic,True
250,HSD177,Hydrophobic,True
266,HSD177,Hydrophobic,True
267,HSD177,Hydrophobic,True
268,HSD177,Hydrophobic,True
270,HSD177,Hydrophobic,True
271,HSD177,Hydrophobic,True
272,HSD177,Hydrophobic,True
278,HSD177,Hydrophobic,True
279,HSD177,Hydrophobic,True
283,HSD177,Hydrophobic,True
287,HSD177,Hydrophobic,True
288,HSD177,Hydrophobic,True
291,HSD177,Hydrophobic,True
296,HSD177,Hydrophobic,True
303,HSD177,Hydrophobic,True
306,HSD177,Hydrophobic,True
307,HSD177,Hydrophobic,True
340,HSD177,Hydrophobic,True
341,HSD177,Hydrophobic,True
343,HSD177,Hydrophobic,True
36,HSD177,HBDonor,True
41,HSD177,HBDonor,True
42,HSD177,HBDonor,True
43,HSD177,HBDonor,True
44,HSD177,HBDonor,True
45,HSD177,HBDonor,True
46,HSD177,HBDonor,True
52,HSD177,HBDonor,True
53,HSD177,HBDonor,True
55,HSD177,HBDonor,True
56,HSD177,HBDonor,True
58,HSD177,HBDonor,True
59,HSD177,HBDonor,True
60,HSD177,HBDonor,True
63,HSD177,HBDonor,True
65,HSD177,HBDonor,True
66,HSD177,HBDonor,True
67,HSD177,HBDonor,True
68,HSD177,HBDonor,True
69,HSD177,HBDonor,True
70,HSD177,HBDonor,True
71,HSD177,HBDonor,True
72,HSD177,HBDonor,True
73,HSD177,HBDonor,True
74,HSD177,HBDonor,True
75,HSD177,HBDonor,True
76,HSD177,HBDonor,True
77,HSD177,HBDonor,True
78,HSD177,HBDonor,True
83,HSD177,HBDonor,True
85,HSD177,HBDonor,True
86,HSD177,HBDonor,True
87,HSD177,HBDonor,True
88,HSD177,HBDonor,True
93,HSD177,HBDonor,True
95,HSD177,HBDonor,True
105,HSD177,HBDonor,True
155,HSD177,HBDonor,True
13,HSD177,HBAcceptor,True
14,HSD177,HBAcceptor,True
15,HSD177,HBAcceptor,True
16,HSD177,HBAcceptor,True
91,HSD177,HBAcceptor,True
92,HSD177,HBAcceptor,True
97,HSD177,HBAcceptor,True
107,HSD177,HBAcceptor,True
125,HSD177,HBAcceptor,True
129,HSD177,HBAcceptor,True
131,HSD177,HBAcceptor,True
135,HSD177,HBAcceptor,True
180,HSD177,HBAcceptor,True
182,HSD177,HBAcceptor,True
183,HSD177,HBAcceptor,True
184,HSD177,HBAcceptor,True
185,HSD177,HBAcceptor,True
188,HSD177,HBAcceptor,True
190,HSD177,HBAcceptor,True
192,HSD177,HBAcceptor,True
202,HSD177,HBAcceptor,True
206,HSD177,HBAcceptor,True
207,HSD177,HBAcceptor,True
211,HSD177,HBAcceptor,True
227,HSD177,HBAcceptor,True
232,HSD177,HBAcceptor,True
234,HSD177,HBAcceptor,True
248,HSD177,HBAcceptor,True
283,HSD177,HBAcceptor,True
284,HSD177,HBAcceptor,True
287,HSD177,HBAcceptor,True
296,HSD177,HBAcceptor,True
0,HSD177,PiStacking,True
2,HSD177,PiStacking,True
5,HSD177,PiStacking,True
6,HSD177,PiStacking,True
10,HSD177,PiStacking,True
11,HSD177,PiStacking,True
12,HSD177,PiStacking,True
13,HSD177,PiStacking,True
37,HSD177,PiStacking,True
54,HSD177,PiStacking,True
80,HSD177,PiStacking,True
84,HSD177,PiStacking,True
89,HSD177,PiStacking,True
90,HSD177,PiStacking,True
91,HSD177,PiStacking,True
92,HSD177,PiStacking,True
107,HSD177,PiStacking,True
126,HSD177,PiStacking,True
136,HSD177,PiStacking,True
137,HSD177,PiStacking,True
145,HSD177,PiStacking,True
146,HSD177,PiStacking,True
147,HSD177,PiStacking,True
148,HSD177,PiStacking,True
149,HSD177,PiStacking,True
151,HSD177,PiStacking,True
152,HSD177,PiStacking,True
177,HSD177,PiStacking,True
182,HSD177,PiStacking,True
188,HSD177,PiStacking,True
202,HSD177,PiStacking,True
206,HSD177,PiStacking,True
227,HSD177,PiStacking,True
232,HSD177,PiStacking,True
234,HSD177,PiStacking,True
249,HSD177,PiStacking,True
270,HSD177,PiStacking,True
271,HSD177,PiStacking,True
272,HSD177,PiStacking,True
287,HSD177,PiStacking,True
10,LEU178,Hydrophobic,True
20,LEU178,Hydrophobic,True
21,LEU178,Hydrophobic,True
22,LEU178,Hydrophobic,True
28,LEU178,Hydrophobic,True
29,LEU178,Hydrophobic,True
30,LEU178,Hydrophobic,True
31,LEU178,Hydrophobic,True
34,LEU178,Hydrophobic,True
44,LEU178,Hydrophobic,True
46,LEU178,Hydrophobic,True
52,LEU178,Hydrophobic,True
138,LEU178,Hydrophobic,True
140,LEU178,Hydrophobic,True
142,LEU178,Hydrophobic,True
153,LEU178,Hydrophobic,True
158,LEU178,Hydrophobic,True
164,LEU178,Hydrophobic,True
179,LEU178,Hydrophobic,True
181,LEU178,Hydrophobic,True
182,LEU178,Hydrophobic,True
187,LEU178,Hydrophobic,True
189,LEU178,Hydrophobic,True
192,LEU178,Hydrophobic,True
203,LEU178,Hydrophobic,True
210,LEU178,Hydrophobic,True
211,LEU178,Hydrophobic,True
212,LEU178,Hydrophobic,True
215,LEU178,Hydrophobic,True
216,LEU178,Hydrophobic,True
217,LEU178,Hydrophobic,True
220,LEU178,Hydrophobic,True
222,LEU178,Hydrophobic,True
223,LEU178,Hydrophobic,True
231,LEU178,Hydrophobic,True
238,LEU178,Hydrophobic,True
239,LEU178,Hydrophobic,True
240,LEU178,Hydrophobic,True
242,LEU178,Hydrophobic,True
243,LEU178,Hydrophobic,True
245,LEU178,Hydrophobic,True
250,LEU178,Hydrophobic,True
266,LEU178,Hydrophobic,True
270,LEU178,Hydrophobic,True
278,LEU178,Hydrophobic,True
291,LEU178,Hydrophobic,True
303,LEU178,Hydrophobic,True
343,LEU178,Hydrophobic,True
115,GLU179,Hydrophobic,True
0,PRO180,Hydrophobic,True
1,PRO180,Hydrophobic,True
2,PRO180,Hydrophobic,True
3,PRO180,Hydrophobic,True
4,PRO180,Hydrophobic,True
5,PRO180,Hydrophobic,True
6,PRO180,Hydrophobic,True
7,PRO180,Hydrophobic,True
8,PRO180,Hydrophobic,True
9,PRO180,Hydrophobic,True
10,PRO180,Hydrophobic,True
11,PRO180,Hydrophobic,True
12,PRO180,Hydrophobic,True
13,PRO180,Hydrophobic,True
14,PRO180,Hydrophobic,True
15,PRO180,Hydrophobic,True
16,PRO180,Hydrophobic,True
17,PRO180,Hydrophobic,True
18,PRO180,Hydrophobic,True
19,PRO180,Hydrophobic,True
89,PRO180,Hydrophobic,True
93,PRO180,Hydrophobic,True
94,PRO180,Hydrophobic,True
95,PRO180,Hydrophobic,True
96,PRO180,Hydrophobic,True
97,PRO180,Hydrophobic,True
98,PRO180,Hydrophobic,True
99,PRO180,Hydrophobic,True
100,PRO180,Hydrophobic,True
101,PRO180,Hydrophobic,True
102,PRO180,Hydrophobic,True
103,PRO180,Hydrophobic,True
104,PRO180,Hydrophobic,True
105,PRO180,Hydrophobic,True
106,PRO180,Hydrophobic,True
107,PRO180,Hydrophobic,True
108,PRO180,Hydrophobic,True
109,PRO180,Hydrophobic,True
110,PRO180,Hydrophobic,True
111,PRO180,Hydrophobic,True
112,PRO180,Hydrophobic,True
113,PRO180,Hydrophobic,True
114,PRO180,Hydrophobic,True
115,PRO180,Hydrophobic,True
117,PRO180,Hydrophobic,True
118,PRO180,Hydrophobic,True
119,PRO180,Hydrophobic,True
120,PRO180,Hydrophobic,True
121,PRO180,Hydrophobic,True
123,PRO180,Hydrophobic,True
125,PRO180,Hydrophobic,True
127,PRO180,Hydrophobic,True
128,PRO180,Hydrophobic,True
132,PRO180,Hydrophobic,True
136,PRO180,Hydrophobic,True
137,PRO180,Hydrophobic,True
139,PRO180,Hydrophobic,True
140,PRO180,Hydrophobic,True
141,PRO180,Hydrophobic,True
142,PRO180,Hydrophobic,True
145,PRO180,Hydrophobic,True
146,PRO180,Hydrophobic,True
148,PRO180,Hydrophobic,True
150,PRO180,Hydrophobic,True
154,PRO180,Hydrophobic,True
155,PRO180,Hydrophobic,True
156,PRO180,Hydrophobic,True
157,PRO180,Hydrophobic,True
158,PRO180,Hydrophobic,True
159,PRO180,Hydrophobic,True
160,PRO180,Hydrophobic,True
161,PRO180,Hydrophobic,True
162,PRO180,Hydrophobic,True
163,PRO180,Hydrophobic,True
164,PRO180,Hydrophobic,True
165,PRO180,Hydrophobic,True
166,PRO180,Hydrophobic,True
167,PRO180,Hydrophobic,True
168,PRO180,Hydrophobic,True
169,PRO180,Hydrophobic,True
170,PRO180,Hydrophobic,True
171,PRO180,Hydrophobic,True
172,PRO180,Hydrophobic,True
173,PRO180,Hydrophobic,True
174,PRO180,Hydrophobic,True
175,PRO180,Hydrophobic,True
176,PRO180,Hydrophobic,True
177,PRO180,Hydrophobic,True
178,PRO180,Hydrophobic,True
179,PRO180,Hydrophobic,True
180,PRO180,Hydrophobic,True
181,PRO180,Hydrophobic,True
182,PRO180,Hydrophobic,True
183,PRO180,Hydrophobic,True
184,PRO180,Hydrophobic,True
185,PRO180,Hydrophobic,True
186,PRO180,Hydrophobic,True
187,PRO180,Hydrophobic,True
188,PRO180,Hydrophobic,True
189,PRO180,Hydrophobic,True
190,PRO180,Hydrophobic,True
191,PRO180,Hydrophobic,True
192,PRO180,Hydrophobic,True
193,PRO180,Hydrophobic,True
194,PRO180,Hydrophobic,True
195,PRO180,Hydrophobic,True
196,PRO180,Hydrophobic,True
197,PRO180,Hydrophobic,True
198,PRO180,Hydrophobic,True
199,PRO180,Hydrophobic,True
200,PRO180,Hydrophobic,True
201,PRO180,Hydrophobic,True
202,PRO180,Hydrophobic,True
203,PRO180,Hydrophobic,True
204,PRO180,Hydrophobic,True
205,PRO180,Hydrophobic,True
206,PRO180,Hydrophobic,True
207,PRO180,Hydrophobic,True
208,PRO180,Hydrophobic,True
209,PRO180,Hydrophobic,True
210,PRO180,Hydrophobic,True
211,PRO180,Hydrophobic,True
212,PRO180,Hydrophobic,True
213,PRO180,Hydrophobic,True
214,PRO180,Hydrophobic,True
215,PRO180,Hydrophobic,True
216,PRO180,Hydrophobic,True
217,PRO180,Hydrophobic,True
218,PRO180,Hydrophobic,True
219,PRO180,Hydrophobic,True
220,PRO180,Hydrophobic,True
221,PRO180,Hydrophobic,True
222,PRO180,Hydrophobic,True
223,PRO180,Hydrophobic,True
224,PRO180,Hydrophobic,True
225,PRO180,Hydrophobic,True
226,PRO180,Hydrophobic,True
227,PRO180,Hydrophobic,True
228,PRO180,Hydrophobic,True
229,PRO180,Hydrophobic,True
230,PRO180,Hydrophobic,True
231,PRO180,Hydrophobic,True
232,PRO180,Hydrophobic,True
233,PRO180,Hydrophobic,True
234,PRO180,Hydrophobic,True
236,PRO180,Hydrophobic,True
237,PRO180,Hydrophobic,True
238,PRO180,Hydrophobic,True
239,PRO180,Hydrophobic,True
240,PRO180,Hydrophobic,True
241,PRO180,Hydrophobic,True
242,PRO180,Hydrophobic,True
243,PRO180,Hydrophobic,True
244,PRO180,Hydrophobic,True
245,PRO180,Hydrophobic,True
246,PRO180,Hydrophobic,True
247,PRO180,Hydrophobic,True
248,PRO180,Hydrophobic,True
249,PRO180,Hydrophobic,True
250,PRO180,Hydrophobic,True
266,PRO180,Hydrophobic,True
267,PRO180,Hydrophobic,True
268,PRO180,Hydrophobic,True
270,PRO180,Hydrophobic,True
271,PRO180,Hydrophobic,True
272,PRO180,Hydrophobic,True
284,PRO180,Hydrophobic,True
287,PRO180,Hydrophobic,True
288,PRO180,Hydrophobic,True
289,PRO180,Hydrophobic,True
291,PRO180,Hydrophobic,True
296,PRO180,Hydrophobic,True
303,PRO180,Hydrophobic,True
306,PRO180,Hydrophobic,True
307,PRO180,Hydrophobic,True
340,PRO180,Hydrophobic,True
341,PRO180,Hydrophobic,True
343,PRO180,Hydrophobic,True
0,TRP181,Hydrophobic,True
1,TRP181,Hydrophobic,True
2,TRP181,Hydrophobic,True
3,TRP181,Hydrophobic,True
4,TRP181,Hydrophobic,True
5,TRP181,Hydrophobic,True
6,TRP181,Hydrophobic,True
7,TRP181,Hydrophobic,True
8,TRP181,Hydrophobic,True
9,TRP181,Hydrophobic,True
13,TRP181,Hydrophobic,True
14,TRP181,Hydrophobic,True
15,TRP181,Hydrophobic,True
16,TRP181,Hydrophobic,True
17,TRP181,Hydrophobic,True
18,TRP181,Hydrophobic,True
19,TRP181,Hydrophobic,True
20,TRP181,Hydrophobic,True
21,TRP181,Hydrophobic,True
22,TRP181,Hydrophobic,True
23,TRP181,Hydrophobic,True
24,TRP181,Hydrophobic,True
25,TRP181,Hydrophobic,True
27,TRP181,Hydrophobic,True
28,TRP181,Hydrophobic,True
29,TRP181,Hydrophobic,True
30,TRP181,Hydrophobic,True
31,TRP181,Hydrophobic,True
32,TRP181,Hydrophobic,True
33,TRP181,Hydrophobic,True
34,TRP181,Hydrophobic,True
35,TRP181,Hydrophobic,True
36,TRP181,Hydrophobic,True
39,TRP181,Hydrophobic,True
40,TRP181,Hydrophobic,True
41,TRP181,Hydrophobic,True
42,TRP181,Hydrophobic,True
43,TRP181,Hydrophobic,True
44,TRP181,Hydrophobic,True
46,TRP181,Hydrophobic,True
47,TRP181,Hydrophobic,True
48,TRP181,Hydrophobic,True
49,TRP181,Hydrophobic,True
50,TRP181,Hydrophobic,True
52,TRP181,Hydrophobic,True
53,TRP181,Hydrophobic,True
54,TRP181,Hydrophobic,True
55,TRP181,Hydrophobic,True
56,TRP181,Hydrophobic,True
57,TRP181,Hydrophobic,True
58,TRP181,Hydrophobic,True
59,TRP181,Hydrophobic,True
60,TRP181,Hydrophobic,True
61,TRP181,Hydrophobic,True
62,TRP181,Hydrophobic,True
63,TRP181,Hydrophobic,True
64,TRP181,Hydrophobic,True
65,TRP181,Hydrophobic,True
66,TRP181,Hydrophobic,True
67,TRP181,Hydrophobic,True
68,TRP181,Hydrophobic,True
69,TRP181,Hydrophobic,True
70,TRP181,Hydrophobic,True
71,TRP181,Hydrophobic,True
72,TRP181,Hydrophobic,True
73,TRP181,Hydrophobic,True
74,TRP181,Hydrophobic,True
75,TRP181,Hydrophobic,True
76,TRP181,Hydrophobic,True
77,TRP181,Hydrophobic,True
79,TRP181,Hydrophobic,True
80,TRP181,Hydrophobic,True
81,TRP181,Hydrophobic,True
82,TRP181,Hydrophobic,True
83,TRP181,Hydrophobic,True
84,TRP181,Hydrophobic,True
85,TRP181,Hydrophobic,True
86,TRP181,Hydrophobic,True
87,TRP181,Hydrophobic,True
88,TRP181,Hydrophobic,True
90,TRP181,Hydrophobic,True
91,TRP181,Hydrophobic,True
92,TRP181,Hydrophobic,True
93,TRP181,Hydrophobic,True
94,TRP181,Hydrophobic,True
95,TRP181,Hydrophobic,True
96,TRP181,Hydrophobic,True
97,TRP181,Hydrophobic,True
98,TRP181,Hydrophobic,True
99,TRP181,Hydrophobic,True
100,TRP181,Hydrophobic,True
101,TRP181,Hydrophobic,True
102,TRP181,Hydrophobic,True
103,TRP181,Hydrophobic,True
104,TRP181,Hydrophobic,True
105,TRP181,Hydrophobic,True
106,TRP181,Hydrophobic,True
127,TRP181,Hydrophobic,True
128,TRP181,Hydrophobic,True
129,TRP181,Hydrophobic,True
131,TRP181,Hydrophobic,True
132,TRP181,Hydrophobic,True
133,TRP181,Hydrophobic,True
134,TRP181,Hydrophobic,True
135,TRP181,Hydrophobic,True
136,TRP181,Hydrophobic,True
137,TRP181,Hydrophobic,True
138,TRP181,Hydrophobic,True
139,TRP181,Hydrophobic,True
140,TRP181,Hydrophobic,True
141,TRP181,Hydrophobic,True
142,TRP181,Hydrophobic,True
144,TRP181,Hydrophobic,True
155,TRP181,Hydrophobic,True
156,TRP181,Hydrophobic,True
157,TRP181,Hydrophobic,True
158,TRP181,Hydrophobic,True
159,TRP181,Hydrophobic,True
160,TRP181,Hydrophobic,True
161,TRP181,Hydrophobic,True
162,TRP181,Hydrophobic,True
163,TRP181,Hydrophobic,True
164,TRP181,Hydrophobic,True
165,TRP181,Hydrophobic,True
166,TRP181,Hydrophobic,True
167,TRP181,Hydrophobic,True
168,TRP181,Hydrophobic,True
169,TRP181,Hydrophobic,True
170,TRP181,Hydrophobic,True
171,TRP181,Hydrophobic,True
172,TRP181,Hydrophobic,True
173,TRP181,Hydrophobic,True
174,TRP181,Hydrophobic,True
175,TRP181,Hydrophobic,True
176,TRP181,Hydrophobic,True
178,TRP181,Hydrophobic,True
179,TRP181,Hydrophobic,True
180,TRP181,Hydrophobic,True
181,TRP181,Hydrophobic,True
182,TRP181,Hydrophobic,True
183,TRP181,Hydrophobic,True
184,TRP181,Hydrophobic,True
185,TRP181,Hydrophobic,True
186,TRP181,Hydrophobic,True
187,TRP181,Hydrophobic,True
188,TRP181,Hydrophobic,True
189,TRP181,Hydrophobic,True
190,TRP181,Hydrophobic,True
191,TRP181,Hydrophobic,True
192,TRP181,Hydrophobic,True
193,TRP181,Hydrophobic,True
194,TRP181,Hydrophobic,True
195,TRP181,Hydrophobic,True
196,TRP181,Hydrophobic,True
197,TRP181,Hydrophobic,True
198,TRP181,Hydrophobic,True
199,TRP181,Hydrophobic,True
200,TRP181,Hydrophobic,True
203,TRP181,Hydrophobic,True
204,TRP181,Hydrophobic,True
205,TRP181,Hydrophobic,True
206,TRP181,Hydrophobic,True
207,TRP181,Hydrophobic,True
208,TRP181,Hydrophobic,True
209,TRP181,Hydrophobic,True
210,TRP181,Hydrophobic,True
211,TRP181,Hydrophobic,True
212,TRP181,Hydrophobic,True
213,TRP181,Hydrophobic,True
214,TRP181,Hydrophobic,True
215,TRP181,Hydrophobic,True
216,TRP181,Hydrophobic,True
217,TRP181,Hydrophobic,True
218,TRP181,Hydrophobic,True
219,TRP181,Hydrophobic,True
220,TRP181,Hydrophobic,True
221,TRP181,Hydrophobic,True
222,TRP181,Hydrophobic,True
223,TRP181,Hydrophobic,True
224,TRP181,Hydrophobic,True
225,TRP181,Hydrophobic,True
226,TRP181,Hydrophobic,True
227,TRP181,Hydrophobic,True
228,TRP181,Hydrophobic,True
229,TRP181,Hydrophobic,True
230,TRP181,Hydrophobic,True
231,TRP181,Hydrophobic,True
232,TRP181,Hydrophobic,True
233,TRP181,Hydrophobic,True
234,TRP181,Hydrophobic,True
235,TRP181,Hydrophobic,True
236,TRP181,Hydrophobic,True
237,TRP181,Hydrophobic,True
239,TRP181,Hydrophobic,True
240,TRP181,Hydrophobic,True
242,TRP181,Hydrophobic,True
243,TRP181,Hydrophobic,True
244,TRP181,Hydrophobic,True
245,TRP181,Hydrophobic,True
246,TRP181,Hydrophobic,True
247,TRP181,Hydrophobic,True
248,TRP181,Hydrophobic,True
249,TRP181,Hydrophobic,True
250,TRP181,Hydrophobic,True
266,TRP181,Hydrophobic,True
267,TRP181,Hydrophobic,True
268,TRP181,Hydrophobic,True
270,TRP181,Hydrophobic,True
271,TRP181,Hydrophobic,True
272,TRP181,Hydrophobic,True
277,TRP181,Hydrophobic,True
283,TRP181,Hydrophobic,True
284,TRP181,Hydrophobic,True
287,TRP181,Hydrophobic,True
288,TRP181,Hydrophobic,True
289,TRP181,Hydrophobic,True
291,TRP181,Hydrophobic,True
296,TRP181,Hydrophobic,True
303,TRP181,Hydrophobic,True
306,TRP181,Hydrophobic,True
307,TRP181,Hydrophobic,True
340,TRP181,Hydrophobic,True
341,TRP181,Hydrophobic,True
343,TRP181,Hydrophobic,True
44,TRP181,HBAcceptor,True
1,TRP181,PiStacking,True
2,TRP181,PiStacking,True
4,TRP181,PiStacking,True
5,TRP181,PiStacking,True
6,TRP181,PiStacking,True
7,TRP181,PiStacking,True
8,TRP181,PiStacking,True
14,TRP181,PiStacking,True
22,TRP181,PiStacking,True
27,TRP181,PiStacking,True
30,TRP181,PiStacking,True
33,TRP181,PiStacking,True
34,TRP181,PiStacking,True
39,TRP181,PiStacking,True
58,TRP181,PiStacking,True
65,TRP181,PiStacking,True
69,TRP181,PiStacking,True
86,TRP181,PiStacking,True
88,TRP181,PiStacking,True
90,TRP181,PiStacking,True
93,TRP181,PiStacking,True
96,TRP181,PiStacking,True
97,TRP181,PiStacking,True
100,TRP181,PiStacking,True
101,TRP181,PiStacking,True
102,TRP181,PiStacking,True
105,TRP181,PiStacking,True
127,TRP181,PiStacking,True
128,TRP181,PiStacking,True
131,TRP181,PiStacking,True
132,TRP181,PiStacking,True
133,TRP181,PiStacking,True
134,TRP181,PiStacking,True
138,TRP181,PiStacking,True
139,TRP181,PiStacking,True
156,TRP181,PiStacking,True
158,TRP181,PiStacking,True
159,TRP181,PiStacking,True
160,TRP181,PiStacking,True
161,TRP181,PiStacking,True
162,TRP181,PiStacking,True
163,TRP181,PiStacking,True
164,TRP181,PiStacking,True
165,TRP181,PiStacking,True
166,TRP181,PiStacking,True
167,TRP181,PiStacking,True
168,TRP181,PiStacking,True
169,TRP181,PiStacking,True
170,TRP181,PiStacking,True
171,TRP181,PiStacking,True
172,TRP181,PiStacking,True
173,TRP181,PiStacking,True
174,TRP181,PiStacking,True
175,TRP181,PiStacking,True
178,TRP181,PiStacking,True
179,TRP181,PiStacking,True
180,TRP181,PiStacking,True
181,TRP181,PiStacking,True
182,TRP181,PiStacking,True
183,TRP181,PiStacking,True
184,TRP181,PiStacking,True
185,TRP181,PiStacking,True
186,TRP181,PiStacking,True
187,TRP181,PiStacking,True
189,TRP181,PiStacking,True
191,TRP181,PiStacking,True
193,TRP181,PiStacking,True
194,TRP181,PiStacking,True
195,TRP181,PiStacking,True
196,TRP181,PiStacking,True
197,TRP181,PiStacking,True
199,TRP181,PiStacking,True
203,TRP181,PiStacking,True
204,TRP181,PiStacking,True
205,TRP181,PiStacking,True
206,TRP181,PiStacking,True
208,TRP181,PiStacking,True
209,TRP181,PiStacking,True
210,TRP181,PiStacking,True
212,TRP181,PiStacking,True
215,TRP181,PiStacking,True
218,TRP181,PiStacking,True
219,TRP181,PiStacking,True
220,TRP181,PiStacking,True
221,TRP181,PiStacking,True
222,TRP181,PiStacking,True
223,TRP181,PiStacking,True
225,TRP181,PiStacking,True
227,TRP181,PiStacking,True
228,TRP181,PiStacking,True
229,TRP181,PiStacking,True
230,TRP181,PiStacking,True
231,TRP181,PiStacking,True
233,TRP181,PiStacking,True
234,TRP181,PiStacking,True
235,TRP181,PiStacking,True
237,TRP181,PiStacking,True
239,TRP181,PiStacking,True
240,TRP181,PiStacking,True
242,TRP181,PiStacking,True
243,TRP181,PiStacking,True
246,TRP181,PiStacking,True
247,TRP181,PiStacking,True
248,TRP181,PiStacking,True
249,TRP181,PiStacking,True
250,TRP181,PiStacking,True
266,TRP181,PiStacking,True
267,TRP181,PiStacking,True
268,TRP181,PiStacking,True
270,TRP181,PiStacking,True
272,TRP181,PiStacking,True
284,TRP181,PiStacking,True
287,TRP181,PiStacking,True
288,TRP181,PiStacking,True
289,TRP181,PiStacking,True
291,TRP181,PiStacking,True
296,TRP181,PiStacking,True
303,TRP181,PiStacking,True
340,TRP181,PiStacking,True
341,TRP181,PiStacking,True
343,TRP181,PiStacking,True
112,GLN183,Hydrophobic,True
113,GLN183,Hydrophobic,True
115,GLN183,Hydrophobic,True
117,GLN183,Hydrophobic,True
118,GLN183,Hydrophobic,True
119,GLN183,Hydrophobic,True
120,GLN183,Hydrophobic,True
121,GLN183,Hydrophobic,True
110,GLN183,HBAcceptor,True
0,GLU184,Hydrophobic,True
1,GLU184,Hydrophobic,True
2,GLU184,Hydrophobic,True
3,GLU184,Hydrophobic,True
4,GLU184,Hydrophobic,True
5,GLU184,Hydrophobic,True
6,GLU184,Hydrophobic,True
7,GLU184,Hydrophobic,True
8,GLU184,Hydrophobic,True
9,GLU184,Hydrophobic,True
17,GLU184,Hydrophobic,True
18,GLU184,Hydrophobic,True
19,GLU184,Hydrophobic,True
25,GLU184,Hydrophobic,True
27,GLU184,Hydrophobic,True
29,GLU184,Hydrophobic,True
30,GLU184,Hydrophobic,True
31,GLU184,Hydrophobic,True
32,GLU184,Hydrophobic,True
36,GLU184,Hydrophobic,True
97,GLU184,Hydrophobic,True
98,GLU184,Hydrophobic,True
99,GLU184,Hydrophobic,True
100,GLU184,Hydrophobic,True
101,GLU184,Hydrophobic,True
102,GLU184,Hydrophobic,True
104,GLU184,Hydrophobic,True
105,GLU184,Hydrophobic,True
106,GLU184,Hydrophobic,True
107,GLU184,Hydrophobic,True
112,GLU184,Hydrophobic,True
114,GLU184,Hydrophobic,True
116,GLU184,Hydrophobic,True
119,GLU184,Hydrophobic,True
120,GLU184,Hydrophobic,True
121,GLU184,Hydrophobic,True
132,GLU184,Hydrophobic,True
133,GLU184,Hydrophobic,True
134,GLU184,Hydrophobic,True
135,GLU184,Hydrophobic,True
138,GLU184,Hydrophobic,True
139,GLU184,Hydrophobic,True
140,GLU184,Hydrophobic,True
142,GLU184,Hydrophobic,True
156,GLU184,Hydrophobic,True
157,GLU184,Hydrophobic,True
158,GLU184,Hydrophobic,True
159,GLU184,Hydrophobic,True
160,GLU184,Hydrophobic,True
161,GLU184,Hydrophobic,True
162,GLU184,Hydrophobic,True
163,GLU184,Hydrophobic,True
164,GLU184,Hydrophobic,True
165,GLU184,Hydrophobic,True
166,GLU184,Hydrophobic,True
167,GLU184,Hydrophobic,True
168,GLU184,Hydrophobic,True
169,GLU184,Hydrophobic,True
171,GLU184,Hydrophobic,True
173,GLU184,Hydrophobic,True
174,GLU184,Hydrophobic,True
175,GLU184,Hydrophobic,True
176,GLU184,Hydrophobic,True
178,GLU184,Hydrophobic,True
179,GLU184,Hydrophobic,True
180,GLU184,Hydrophobic,True
181,GLU184,Hydrophobic,True
182,GLU184,Hydrophobic,True
183,GLU184,Hydrophobic,True
184,GLU184,Hydrophobic,True
185,GLU184,Hydrophobic,True
187,GLU184,Hydrophobic,True
188,GLU184,Hydrophobic,True
190,GLU184,Hydrophobic,True
193,GLU184,Hydrophobic,True
195,GLU184,Hydrophobic,True
196,GLU184,Hydrophobic,True
197,GLU184,Hydrophobic,True
199,GLU184,Hydrophobic,True
203,GLU184,Hydrophobic,True
204,GLU184,Hydrophobic,True
205,GLU184,Hydrophobic,True
208,GLU184,Hydrophobic,True
209,GLU184,Hydrophobic,True
210,GLU184,Hydrophobic,True
211,GLU184,Hydrophobic,True
212,GLU184,Hydrophobic,True
213,GLU184,Hydrophobic,True
214,GLU184,Hydrophobic,True
215,GLU184,Hydrophobic,True
217,GLU184,Hydrophobic,True
218,GLU184,Hydrophobic,True
219,GLU184,Hydrophobic,True
220,GLU184,Hydrophobic,True
221,GLU184,Hydrophobic,True
222,GLU184,Hydrophobic,True
223,GLU184,Hydrophobic,True
226,GLU184,Hydrophobic,True
227,GLU184,Hydrophobic,True
228,GLU184,Hydrophobic,True
229,GLU184,Hydrophobic,True
230,GLU184,Hydrophobic,True
231,GLU184,Hydrophobic,True
240,GLU184,Hydrophobic,True
243,GLU184,Hydrophobic,True
244,GLU184,Hydrophobic,True
245,GLU184,Hydrophobic,True
247,GLU184,Hydrophobic,True
266,GLU184,Hydrophobic,True
267,GLU184,Hydrophobic,True
268,GLU184,Hydrophobic,True
270,GLU184,Hydrophobic,True
272,GLU184,Hydrophobic,True
284,GLU184,Hydrophobic,True
287,GLU184,Hydrophobic,True
289,GLU184,Hydrophobic,True
291,GLU184,Hydrophobic,True
296,GLU184,Hydrophobic,True
303,GLU184,Hydrophobic,True
307,GLU184,Hydrophobic,True
340,GLU184,Hydrophobic,True
341,GLU184,Hydrophobic,True
343,GLU184,Hydrophobic,True
1,GLU184,HBDonor,True
2,GLU184,HBDonor,True
3,GLU184,HBDonor,True
4,GLU184,HBDonor,True
5,GLU184,HBDonor,True
6,GLU184,HBDonor,True
7,GLU184,HBDonor,True
9,GLU184,HBDonor,True
17,GLU184,HBDonor,True
18,GLU184,HBDonor,True
19,GLU184,HBDonor,True
25,GLU184,HBDonor,True
27,GLU184,HBDonor,True
29,GLU184,HBDonor,True
30,GLU184,HBDonor,True
31,GLU184,HBDonor,True
32,GLU184,HBDonor,True
36,GLU184,HBDonor,True
110,GLU184,HBDonor,True
111,GLU184,HBDonor,True
116,GLU184,HBDonor,True
119,GLU184,HBDonor,True
135,GLU184,HBDonor,True
136,GLU184,HBDonor,True
137,GLU184,HBDonor,True
138,GLU184,HBDonor,True
139,GLU184,HBDonor,True
140,GLU184,HBDonor,True
142,GLU184,HBDonor,True
156,GLU184,HBDonor,True
157,GLU184,HBDonor,True
158,GLU184,HBDonor,True
159,GLU184,HBDonor,True
160,GLU184,HBDonor,True
161,GLU184,HBDonor,True
162,GLU184,HBDonor,True
163,GLU184,HBDonor,True
164,GLU184,HBDonor,True
165,GLU184,HBDonor,True
166,GLU184,HBDonor,True
167,GLU184,HBDonor,True
168,GLU184,HBDonor,True
169,GLU184,HBDonor,True
170,GLU184,HBDonor,True
171,GLU184,HBDonor,True
173,GLU184,HBDonor,True
174,GLU184,HBDonor,True
175,GLU184,HBDonor,True
176,GLU184,HBDonor,True
177,GLU184,HBDonor,True
178,GLU184,HBDonor,True
179,GLU184,HBDonor,True
180,GLU184,HBDonor,True
181,GLU184,HBDonor,True
182,GLU184,HBDonor,True
183,GLU184,HBDonor,True
184,GLU184,HBDonor,True
185,GLU184,HBDonor,True
187,GLU184,HBDonor,True
188,GLU184,HBDonor,True
189,GLU184,HBDonor,True
190,GLU184,HBDonor,True
193,GLU184,HBDonor,True
194,GLU184,HBDonor,True
195,GLU184,HBDonor,True
196,GLU184,HBDonor,True
197,GLU184,HBDonor,True
198,GLU184,HBDonor,True
199,GLU184,HBDonor,True
203,GLU184,HBDonor,True
204,GLU184,HBDonor,True
205,GLU184,HBDonor,True
206,GLU184,HBDonor,True
208,GLU184,HBDonor,True
209,GLU184,HBDonor,True
210,GLU184,HBDonor,True
211,GLU184,HBDonor,True
212,GLU184,HBDonor,True
213,GLU184,HBDonor,True
214,GLU184,HBDonor,True
215,GLU184,HBDonor,True
216,GLU184,HBDonor,True
217,GLU184,HBDonor,True
218,GLU184,HBDonor,True
219,GLU184,HBDonor,True
220,GLU184,HBDonor,True
221,GLU184,HBDonor,True
222,GLU184,HBDonor,True
223,GLU184,HBDonor,True
224,GLU184,HBDonor,True
225,GLU184,HBDonor,True
226,GLU184,HBDonor,True
227,GLU184,HBDonor,True
228,GLU184,HBDonor,True
229,GLU184,HBDonor,True
230,GLU184,HBDonor,True
231,GLU184,HBDonor,True
232,GLU184,HBDonor,True
240,GLU184,HBDonor,True
242,GLU184,HBDonor,True
243,GLU184,HBDonor,True
244,GLU184,HBDonor,True
245,GLU184,HBDonor,True
246,GLU184,HBDonor,True
247,GLU184,HBDonor,True
266,GLU184,HBDonor,True
267,GLU184,HBDonor,True
268,GLU184,HBDonor,True
270,GLU184,HBDonor,True
272,GLU184,HBDonor,True
284,GLU184,HBDonor,True
287,GLU184,HBDonor,True
288,GLU184,HBDonor,True
289,GLU184,HBDonor,True
291,GLU184,HBDonor,True
296,GLU184,HBDonor,True
303,GLU184,HBDonor,True
306,GLU184,HBDonor,True
307,GLU184,HBDonor,True
340,GLU184,HBDonor,True
341,GLU184,HBDonor,True
343,GLU184,HBDonor,True
133,ASN185,Hydrophobic,True
